Flight,Acc,Acc,Acc,GPS,GPS,GPS,GPS,GPS,GPS,GPS,GPS,GPS,GPS,GPS,GPS,,,,TelemPro,LineOfSight,DownLink
time,acceleration,velocity,altitude,altitude,altitude,3D velocity,3D velocity,vertical vel,ground speed,heading,tilt,latitude,longitude,number,fix,UTC,UTC,UTC,time,Distance,SignalStrength
sec,G's,feet/sec,feet AGL,feet AGL,feet MSL,feet/sec,Mach,feet/sec,feet/sec,degrees,degrees,degrees,degrees,of sat's,status,hours,minutes,seconds,stamp,feet,dBm
-9.20,-0.015625,-1.00,-2.00,1.00,2080.00,0.00,0.000,0.00,0.00,47,0.00,35.34696333,-117.80909167,11,6,22,47,46.00,337376,163,-62
-9.00,-0.015625,-1.00,-2.00,1.00,2080.00,0.00,0.000,0.00,0.00,47,0.00,35.34696333,-117.80909167,11,6,22,47,46.20,337396,163,-58
-8.80,-0.015625,-1.00,-2.00,1.00,2080.00,0.00,0.000,0.00,0.00,47,0.00,35.34696333,-117.80909167,11,6,22,47,46.40,337416,163,-61
-8.60,0.042969,-1.00,-2.00,1.00,2080.00,0.00,0.000,0.00,0.00,47,0.00,35.34696333,-117.80909167,11,6,22,47,46.60,337436,163,-61
-8.40,-0.015625,-1.00,-2.00,1.00,2080.00,0.00,0.000,0.00,0.00,47,0.00,35.34696333,-117.80909167,11,6,22,47,46.80,337456,163,-54
-8.20,-0.015625,-1.00,-2.00,1.00,2080.00,0.00,0.000,0.00,0.00,47,0.00,35.34696333,-117.80909167,11,6,22,47,47.00,337476,162,-58
-8.00,-0.015625,-1.00,-1.00,1.00,2080.00,0.00,0.000,0.00,0.00,47,0.00,35.34696333,-117.80909167,11,6,22,47,47.20,337496,162,-54
-7.80,0.046875,-1.00,-1.00,1.00,2080.00,0.00,0.000,0.00,0.00,47,0.00,35.34696333,-117.80909167,11,6,22,47,47.40,337516,162,-62
-7.60,-0.011719,-1.00,-1.00,1.00,2080.00,0.00,0.000,0.00,0.00,47,0.00,35.34696333,-117.80909167,11,6,22,47,47.60,337536,162,-58
-7.40,-0.011719,-1.00,-1.00,1.00,2080.00,0.00,0.000,0.00,0.00,47,0.00,35.34696333,-117.80909167,11,6,22,47,47.80,337556,162,-57
-7.20,-0.011719,-1.00,-1.00,1.00,2080.00,0.00,0.000,0.00,0.00,47,0.00,35.34696333,-117.80909167,11,6,22,47,48.00,337576,162,-60
-7.00,-0.011719,-1.00,-1.00,1.00,2080.00,0.00,0.000,0.00,0.00,47,0.00,35.34696333,-117.80909167,11,6,22,47,48.20,337596,162,-56
-6.80,-0.011719,-1.00,-1.00,1.00,2080.00,0.00,0.000,0.00,0.00,47,0.00,35.34696167,-117.80909167,11,6,22,47,48.40,337616,162,-54
-6.60,-0.011719,-1.00,-1.00,1.00,2080.00,0.00,0.000,0.00,0.00,47,0.00,35.34696167,-117.80909167,11,6,22,47,48.60,337636,162,-56
-6.40,-0.011719,-1.00,-1.00,1.00,2080.00,0.00,0.000,0.00,0.00,47,0.00,35.34696167,-117.80909167,11,6,22,47,48.80,337656,162,-59
-6.20,-0.011719,-1.00,-1.00,1.00,2080.00,0.00,0.000,0.00,0.00,47,0.00,35.34696167,-117.80909167,11,6,22,47,49.00,337676,162,-57
-6.00,-0.011719,-1.00,-1.00,1.00,2080.00,0.00,0.000,0.00,0.00,47,0.00,35.34696167,-117.80909333,11,6,22,47,49.20,337696,163,-62
-5.80,-0.011719,-1.00,-1.00,1.00,2080.00,0.00,0.000,0.00,0.00,47,0.00,35.34696167,-117.80909333,11,6,22,47,49.40,337716,163,-56
-5.60,-0.011719,-1.00,-1.00,0.00,2079.00,0.00,0.000,0.00,0.00,47,0.00,35.34696167,-117.80909333,11,6,22,47,49.60,337736,162,-55
-5.40,0.046875,-1.00,-1.00,0.00,2079.00,0.00,0.000,0.00,0.00,47,0.00,35.34696167,-117.80909333,11,6,22,47,49.80,337756,162,-55
-5.20,-0.011719,-1.00,-1.00,0.00,2079.00,0.00,0.000,0.00,0.00,47,0.00,35.34696167,-117.80909333,11,6,22,47,50.00,337776,162,-56
-5.00,-0.011719,-1.00,-1.00,0.00,2079.00,1.00,0.001,-1.00,0.00,47,0.00,35.34696167,-117.80909333,11,6,22,47,50.20,337796,162,-57
-4.80,0.046875,-1.00,-1.00,0.00,2079.00,0.00,0.000,0.00,0.00,47,0.00,35.34696167,-117.80909333,11,6,22,47,50.40,337816,162,-56
-4.60,-0.011719,-1.00,-1.00,0.00,2079.00,0.00,0.000,0.00,0.00,47,0.00,35.34696167,-117.80909333,11,6,22,47,50.60,337836,162,-64
-4.40,-0.011719,-1.00,-1.00,0.00,2079.00,0.00,0.000,0.00,0.00,47,0.00,35.34696167,-117.80909333,11,6,22,47,50.80,337856,162,-58
-4.20,-0.011719,-1.00,-1.00,0.00,2079.00,0.00,0.000,0.00,0.00,47,0.00,35.34696167,-117.80909333,11,6,22,47,51.00,337876,162,-61
-4.00,-0.011719,-1.00,-1.00,0.00,2079.00,0.00,0.000,0.00,0.00,47,0.00,35.34696167,-117.80909333,11,6,22,47,51.20,337896,162,-65
-3.80,-0.011719,-1.00,-1.00,0.00,2079.00,0.00,0.000,0.00,0.00,47,0.00,35.34696167,-117.80909333,11,6,22,47,51.40,337916,162,-56
-3.60,-0.011719,-1.00,-2.00,0.00,2079.00,0.00,0.000,0.00,0.00,47,0.00,35.34696000,-117.80909333,11,6,22,47,51.60,337936,162,-57
-3.40,-0.011719,-1.00,-2.00,0.00,2079.00,0.00,0.000,0.00,0.00,47,0.00,35.34696000,-117.80909333,11,6,22,47,51.80,337956,162,-58
-3.20,0.046875,-1.00,-2.00,0.00,2079.00,0.00,0.000,0.00,0.00,47,0.00,35.34696000,-117.80909333,11,6,22,47,52.00,337976,162,-63
-3.00,0.046875,-1.00,-1.00,0.00,2079.00,0.00,0.000,0.00,0.00,47,0.00,35.34696000,-117.80909333,11,6,22,47,52.20,337996,162,-58
-2.80,-0.011719,-1.00,-1.00,0.00,2079.00,0.00,0.000,0.00,0.00,47,0.00,35.34696000,-117.80909333,11,6,22,47,52.40,338016,162,-58
-2.60,0.046875,-1.00,-1.00,0.00,2079.00,0.00,0.000,0.00,0.00,47,0.00,35.34696000,-117.80909333,11,6,22,47,52.60,338036,162,-58
-2.40,0.046875,-1.00,-1.00,0.00,2079.00,0.00,0.000,0.00,0.00,47,0.00,35.34696000,-117.80909333,11,6,22,47,52.80,338056,162,-57
-2.20,0.046875,-1.00,-2.00,0.00,2079.00,0.00,0.000,0.00,0.00,47,0.00,35.34696000,-117.80909500,11,6,22,47,53.00,338076,163,-58
-2.00,-0.011719,-1.00,-2.00,0.00,2079.00,0.00,0.000,0.00,0.00,47,0.00,35.34696000,-117.80909500,11,6,22,47,53.20,338096,163,-58
-1.80,-0.074219,-1.00,-1.00,0.00,2079.00,0.00,0.000,0.00,0.00,47,0.00,35.34696000,-117.80909500,11,6,22,47,53.40,338116,163,-62
-1.60,-0.074219,-1.00,-1.00,0.00,2079.00,0.00,0.000,0.00,0.00,47,0.00,35.34696000,-117.80909500,11,6,22,47,53.60,338136,163,-58
-1.40,-0.011719,-1.00,-1.00,0.00,2079.00,0.00,0.000,0.00,0.00,47,0.00,35.34696000,-117.80909500,11,6,22,47,53.80,338156,163,-61
-1.20,0.046875,-1.00,-1.00,-1.00,2078.00,0.00,0.000,0.00,0.00,47,0.00,35.34696000,-117.80909500,11,6,22,47,54.00,338176,163,-55
-1.00,-0.011719,-1.00,-1.00,-1.00,2078.00,0.00,0.000,0.00,0.00,47,0.00,35.34696000,-117.80909500,11,6,22,47,54.20,338196,163,-55
-0.80,-0.011719,-1.00,-1.00,-1.00,2078.00,0.00,0.000,0.00,0.00,47,0.00,35.34696000,-117.80909500,11,6,22,47,54.40,338216,163,-53
-0.60,0.046875,-1.00,-1.00,-1.00,2078.00,0.00,0.000,0.00,0.00,47,0.00,35.34696000,-117.80909500,11,6,22,47,54.60,338236,163,-55
-0.40,-0.011719,0.00,-1.00,-1.00,2078.00,0.00,0.000,0.00,0.00,47,0.00,35.34696000,-117.80909500,11,6,22,47,54.80,338256,163,-58
-0.20,-0.011719,-1.00,-1.00,-1.00,2078.00,0.00,0.000,0.00,0.00,47,0.00,35.34696000,-117.80909500,11,6,22,47,55.00,338276,163,-59
0.00,0.519531,0.00,0.00,-1.00,2078.00,0.00,0.000,0.00,0.00,47,0.00,35.34695833,-117.80909500,11,6,22,47,55.20,338296,162,-65
0.20,4.500000,25.00,2.00,-1.00,2078.00,2.24,0.002,2.00,1.00,7,26.57,35.34696000,-117.80909500,11,6,22,47,55.40,338316,163,-61
0.39,4.558594,54.00,9.00,3.00,2082.00,34.01,0.031,34.00,1.00,81,1.68,35.34696000,-117.80909500,11,6,22,47,55.60,338335,163,-65
0.60,4.675781,84.00,23.00,13.00,2092.00,63.03,0.057,63.00,2.00,200,1.82,35.34695833,-117.80909500,11,6,22,47,55.80,338356,164,-49
0.80,3.843750,111.00,43.00,28.00,2107.00,90.05,0.081,90.00,3.00,162,1.91,35.34695833,-117.80909500,11,6,22,47,56.00,338376,168,-45
1.00,4.203125,139.00,68.00,49.00,2128.00,117.00,0.106,117.00,1.00,162,0.49,35.34695667,-117.80909500,11,6,22,47,56.20,338396,175,-39
1.40,4.261719,193.00,135.00,107.00,2186.00,171.14,0.154,171.00,7.00,333,2.34,35.34696000,-117.80909500,11,6,22,47,56.60,338436,203,-35
1.60,3.964844,220.00,176.00,144.00,2223.00,197.50,0.178,197.00,14.00,318,4.06,35.34696500,-117.80910000,11,6,22,47,56.80,338456,228,-38
1.80,3.667969,246.00,223.00,186.00,2265.00,222.19,0.201,221.00,23.00,307,5.94,35.34697167,-117.80910833,11,6,22,47,57.00,338476,261,-40
2.00,4.261719,273.00,275.00,233.00,2312.00,247.49,0.223,245.00,35.00,297,8.13,35.34698000,-117.80912500,11,6,22,47,57.20,338496,302,-39
2.20,4.437500,301.00,333.00,284.00,2363.00,273.25,0.247,269.00,48.00,290,10.12,35.34698833,-117.80915000,11,6,22,47,57.40,338516,349,-43
2.40,3.843750,328.00,396.00,341.00,2420.00,299.67,0.271,294.00,58.00,285,11.16,35.34699667,-117.80918500,11,6,22,47,57.60,338536,404,-41
2.60,4.203125,356.00,464.00,402.00,2481.00,326.17,0.295,319.00,68.00,284,12.03,35.34700500,-117.80922500,11,6,22,47,57.80,338556,463,-42
2.80,4.261719,383.00,538.00,469.00,2548.00,352.30,0.318,344.00,76.00,285,12.46,35.34701500,-117.80927167,11,6,22,47,58.00,338576,531,-46
3.00,4.378906,409.00,617.00,540.00,2619.00,379.86,0.343,370.00,86.00,287,13.09,35.34702667,-117.80932500,11,6,22,47,58.20,338596,602,-52
3.20,4.140625,436.00,702.00,616.00,2695.00,405.03,0.366,393.00,98.00,288,14.00,35.34704167,-117.80938333,11,6,22,47,58.40,338616,680,-51
3.40,3.546875,463.00,792.00,697.00,2776.00,431.26,0.390,417.00,110.00,287,14.78,35.34706000,-117.80945000,11,6,22,47,58.60,338636,763,-50
3.60,4.796875,491.00,888.00,783.00,2862.00,458.26,0.415,442.00,121.00,285,15.31,35.34707667,-117.80952500,11,6,22,47,58.80,338656,851,-51
3.80,4.140625,518.00,989.00,874.00,2953.00,484.76,0.439,467.00,130.00,285,15.56,35.34709500,-117.80960667,11,6,22,47,59.00,338676,946,-50
4.00,4.261719,546.00,1095.00,971.00,3050.00,512.49,0.464,493.00,140.00,285,15.85,35.34711500,-117.80969333,11,6,22,47,59.20,338696,1046,-55
4.20,3.843750,573.00,1207.00,1071.00,3150.00,538.88,0.488,517.00,152.00,287,16.38,35.34713667,-117.80978667,11,6,22,47,59.40,338716,1150,-57
4.40,4.500000,601.00,1325.00,1177.00,3256.00,566.56,0.513,542.00,165.00,286,16.93,35.34716167,-117.80989000,11,6,22,47,59.60,338736,1260,-55
4.60,4.140625,629.00,1448.00,1288.00,3367.00,593.39,0.538,567.00,175.00,285,17.15,35.34718667,-117.81000000,11,6,22,47,59.80,338756,1376,-55
4.80,3.253906,653.00,1577.00,1404.00,3483.00,619.94,0.562,592.00,184.00,285,17.27,35.34721167,-117.81011500,11,6,22,48,0.00,338776,1499,-53
5.01,2.066406,671.00,1716.00,1525.00,3604.00,642.66,0.583,613.00,193.00,286,17.48,35.34724000,-117.81023833,11,6,22,48,0.20,338797,1626,-59
5.20,-1.140625,675.00,1844.00,1649.00,3728.00,656.83,0.596,625.00,202.00,286,17.91,35.34727000,-117.81036500,11,6,22,48,0.40,338816,1756,-64
5.40,-1.496094,666.00,1978.00,1773.00,3852.00,653.65,0.593,621.00,204.00,286,18.19,35.34730167,-117.81049667,11,6,22,48,0.60,338836,1887,-59
5.60,-1.496094,656.00,2111.00,1897.00,3976.00,643.84,0.585,611.00,203.00,286,18.38,35.34733333,-117.81062667,11,6,22,48,0.80,338856,2017,-56
5.80,-1.554688,646.00,2241.00,2018.00,4097.00,634.04,0.576,601.00,202.00,286,18.58,35.34736333,-117.81075667,11,6,22,48,1.00,338876,2145,-56
6.00,-1.496094,636.00,2370.00,2137.00,4216.00,624.87,0.568,592.00,200.00,286,18.67,35.34739333,-117.81088667,11,6,22,48,1.20,338896,2270,-61
6.20,-1.437500,627.00,2496.00,2255.00,4334.00,616.03,0.560,583.00,199.00,286,18.85,35.34742333,-117.81101500,11,6,22,48,1.40,338916,2395,-71
6.41,-1.496094,616.00,2627.00,2370.00,4449.00,606.24,0.552,573.00,198.00,286,19.06,35.34745500,-117.81114333,11,6,22,48,1.60,338937,2516,-62
6.60,-1.378906,607.00,2743.00,2484.00,4563.00,597.42,0.544,564.00,197.00,286,19.25,35.34748500,-117.81127000,11,6,22,48,1.80,338956,2637,-58
6.80,-1.437500,598.00,2864.00,2596.00,4675.00,588.59,0.536,555.00,196.00,286,19.45,35.34751333,-117.81139667,11,6,22,48,2.00,338976,2756,-59
7.00,-1.437500,589.00,2983.00,2706.00,4785.00,579.78,0.528,546.00,195.00,286,19.65,35.34754333,-117.81152333,11,6,22,48,2.20,338996,2872,-63
7.20,-1.378906,580.00,3100.00,2815.00,4894.00,570.97,0.520,537.00,194.00,286,19.86,35.34757333,-117.81164833,11,6,22,48,2.40,339016,2988,-75
7.40,-1.378906,572.00,3215.00,2921.00,5000.00,563.11,0.513,529.00,193.00,286,20.04,35.34760167,-117.81177333,11,6,22,48,2.60,339036,3101,-64
7.60,-1.378906,562.00,3328.00,3026.00,5105.00,554.31,0.505,520.00,192.00,286,20.27,35.34763167,-117.81189667,11,6,22,48,2.80,339056,3213,-59
7.80,-1.378906,554.00,3440.00,3129.00,5208.00,545.88,0.498,511.00,192.00,286,20.59,35.34766000,-117.81202167,11,6,22,48,3.00,339076,3322,-59
8.00,-1.437500,545.00,3550.00,3231.00,5310.00,538.04,0.491,503.00,191.00,286,20.79,35.34768833,-117.81214500,11,6,22,48,3.20,339096,3431,-63
8.20,-1.378906,536.00,3658.00,3331.00,5410.00,530.21,0.484,495.00,190.00,286,21.00,35.34771667,-117.81226667,11,6,22,48,3.40,339116,3538,-67
8.40,-1.320312,528.00,3765.00,3429.00,5508.00,521.46,0.476,486.00,189.00,286,21.25,35.34774500,-117.81239000,11,6,22,48,3.60,339136,3643,-76
8.60,-1.378906,519.00,3870.00,3525.00,5604.00,513.64,0.469,478.00,188.00,286,21.47,35.34777333,-117.81251167,11,6,22,48,3.80,339156,3746,-66
8.80,-1.199219,510.00,3973.00,3620.00,5699.00,506.21,0.463,470.00,188.00,286,21.80,35.34780167,-117.81263167,11,6,22,48,4.00,339176,3848,-63
9.00,-1.320312,502.00,4074.00,3714.00,5793.00,498.41,0.456,462.00,187.00,286,22.04,35.34783000,-117.81275333,11,6,22,48,4.20,339196,3949,-60
9.20,-1.378906,494.00,4174.00,3805.00,5884.00,490.62,0.449,454.00,186.00,286,22.28,35.34785833,-117.81287333,11,6,22,48,4.40,339216,4047,-62
9.40,-1.320312,485.00,4272.00,3895.00,5974.00,482.85,0.442,446.00,185.00,286,22.53,35.34788500,-117.81299333,11,6,22,48,4.60,339236,4144,-65
9.60,-1.140625,477.00,4368.00,3984.00,6063.00,475.47,0.435,438.00,185.00,286,22.90,35.34791333,-117.81311333,11,6,22,48,4.80,339256,4241,-70
9.80,-1.199219,469.00,4463.00,4070.00,6149.00,467.71,0.428,430.00,184.00,286,23.17,35.34794000,-117.81323167,11,6,22,48,5.00,339276,4334,-65
10.00,-1.320312,462.00,4556.00,4156.00,6235.00,459.97,0.421,422.00,183.00,286,23.44,35.34796833,-117.81335000,11,6,22,48,5.20,339296,4427,-64
10.20,-1.320312,453.00,4648.00,4240.00,6319.00,452.64,0.415,414.00,183.00,286,23.85,35.34799500,-117.81346833,11,6,22,48,5.40,339316,4518,-62
10.40,-1.320312,445.00,4738.00,4322.00,6401.00,445.84,0.408,407.00,182.00,286,24.09,35.34802167,-117.81358667,11,6,22,48,5.60,339336,4608,-60
10.60,-1.320312,438.00,4826.00,4402.00,6481.00,438.55,0.402,399.00,182.00,286,24.52,35.34804833,-117.81370333,11,6,22,48,5.80,339356,4695,-61
10.80,-1.320312,430.00,4913.00,4481.00,6560.00,430.86,0.395,391.00,181.00,286,24.84,35.34807500,-117.81382167,11,6,22,48,6.00,339376,4782,-65
11.00,-1.257812,422.00,4998.00,4559.00,6638.00,424.52,0.389,384.00,181.00,285,25.24,35.34810167,-117.81393833,11,6,22,48,6.20,339396,4868,-70
11.20,-1.199219,414.00,5082.00,4635.00,6714.00,416.86,0.382,376.00,180.00,285,25.58,35.34812833,-117.81405500,11,6,22,48,6.40,339416,4951,-65
11.40,-1.199219,407.00,5164.00,4710.00,6789.00,410.12,0.376,369.00,179.00,285,25.88,35.34815500,-117.81417000,11,6,22,48,6.60,339436,5034,-65
11.60,-1.140625,399.00,5245.00,4783.00,6862.00,402.94,0.370,361.00,179.00,285,26.37,35.34818167,-117.81428667,11,6,22,48,6.80,339456,5115,-62
11.80,-1.199219,391.00,5324.00,4855.00,6934.00,396.68,0.364,354.00,179.00,285,26.82,35.34820833,-117.81440167,11,6,22,48,7.00,339476,5194,-60
12.00,-1.140625,384.00,5402.00,4925.00,7004.00,389.99,0.358,347.00,178.00,285,27.16,35.34823333,-117.81451667,11,6,22,48,7.20,339496,5272,-61
12.20,-1.140625,376.00,5478.00,4994.00,7073.00,382.89,0.352,339.00,178.00,285,27.70,35.34826000,-117.81463167,11,6,22,48,7.40,339516,5349,-61
12.40,-1.199219,369.00,5553.00,5061.00,7140.00,376.24,0.346,332.00,177.00,285,28.06,35.34828500,-117.81474667,11,6,22,48,7.60,339536,5425,-62
12.60,-1.140625,361.00,5626.00,5126.00,7205.00,369.20,0.339,324.00,177.00,285,28.65,35.34831167,-117.81486000,11,6,22,48,7.80,339556,5498,-63
12.80,-1.257812,354.00,5697.00,5191.00,7270.00,363.07,0.334,317.00,177.00,285,29.18,35.34833667,-117.81497500,11,6,22,48,8.00,339576,5571,-65
13.00,-1.199219,346.00,5768.00,5253.00,7332.00,356.10,0.327,309.00,177.00,285,29.80,35.34836167,-117.81509000,11,6,22,48,8.20,339596,5641,-65
13.20,-1.199219,339.00,5836.00,5315.00,7394.00,350.41,0.322,303.00,176.00,285,30.15,35.34838667,-117.81520333,11,6,22,48,8.40,339616,5712,-67
13.40,-1.140625,332.00,5903.00,5375.00,7454.00,343.86,0.316,296.00,175.00,285,30.59,35.34841000,-117.81531833,11,6,22,48,8.60,339636,5781,-65
13.60,-1.140625,324.00,5969.00,5433.00,7512.00,337.34,0.310,289.00,174.00,284,31.05,35.34843500,-117.81543167,11,6,22,48,8.80,339656,5847,-62
13.80,-1.140625,317.00,6034.00,5490.00,7569.00,331.36,0.305,282.00,174.00,284,31.68,35.34845833,-117.81554500,11,6,22,48,9.00,339676,5913,-62
14.00,-1.140625,310.00,6096.00,5546.00,7625.00,324.04,0.298,274.00,173.00,285,32.27,35.34848167,-117.81565667,11,6,22,48,9.20,339696,5978,-63
14.20,-1.140625,302.00,6158.00,5600.00,7679.00,317.61,0.292,267.00,172.00,285,32.79,35.34850667,-117.81576833,11,6,22,48,9.40,339716,6040,-66
14.40,-1.082031,295.00,6218.00,5653.00,7732.00,311.74,0.287,260.00,172.00,285,33.49,35.34853000,-117.81588000,11,6,22,48,9.60,339736,6102,-67
14.60,-1.140625,288.00,6276.00,5704.00,7783.00,305.93,0.282,253.00,172.00,285,34.21,35.34855500,-117.81599167,11,6,22,48,9.80,339756,6163,-71
14.80,-1.082031,281.00,6333.00,5754.00,7833.00,300.17,0.276,246.00,172.00,285,34.96,35.34857833,-117.81610333,11,6,22,48,10.00,339776,6222,-68
15.00,-1.140625,274.00,6389.00,5803.00,7882.00,294.46,0.271,239.00,172.00,285,35.74,35.34860167,-117.81621500,11,6,22,48,10.20,339796,6280,-64
15.20,-1.082031,267.00,6443.00,5850.00,7929.00,288.80,0.266,232.00,172.00,285,36.55,35.34862667,-117.81632667,11,6,22,48,10.40,339816,6337,-64
15.40,-1.082031,260.00,6496.00,5896.00,7975.00,281.81,0.260,224.00,171.00,284,37.36,35.34865000,-117.81643833,11,6,22,48,10.60,339836,6392,-63
15.60,-1.082031,253.00,6547.00,5940.00,8019.00,277.06,0.255,218.00,171.00,284,38.11,35.34867333,-117.81654833,11,6,22,48,10.80,339856,6446,-65
15.80,-1.082031,245.00,6597.00,5983.00,8062.00,271.59,0.250,211.00,171.00,284,39.02,35.34869667,-117.81666000,11,6,22,48,11.00,339876,6499,-64
16.00,-1.082031,238.00,6645.00,6025.00,8104.00,265.55,0.245,204.00,170.00,284,39.81,35.34872000,-117.81677167,11,6,22,48,11.20,339896,6551,-66
16.20,-1.082031,231.00,6693.00,6065.00,8144.00,259.56,0.239,197.00,169.00,284,40.63,35.34874333,-117.81688167,11,6,22,48,11.40,339916,6601,-68
16.40,-1.082031,224.00,6738.00,6104.00,8183.00,254.29,0.234,190.00,169.00,284,41.65,35.34876500,-117.81699167,11,6,22,48,11.60,339936,6650,-72
16.60,-1.082031,217.00,6783.00,6141.00,8220.00,249.16,0.230,184.00,168.00,284,42.40,35.34878833,-117.81710167,11,6,22,48,11.80,339956,6697,-67
16.80,-1.140625,210.00,6826.00,6178.00,8257.00,244.03,0.225,177.00,168.00,284,43.51,35.34881000,-117.81721000,11,6,22,48,12.00,339976,6744,-67
17.00,-1.082031,203.00,6867.00,6212.00,8291.00,238.30,0.220,170.00,167.00,284,44.49,35.34883333,-117.81731833,11,6,22,48,12.20,339996,6788,-69
17.20,-1.082031,196.00,6907.00,6246.00,8325.00,233.36,0.215,163.00,167.00,284,45.69,35.34885667,-117.81742833,11,6,22,48,12.40,340016,6833,-68
17.40,-1.082031,189.00,6946.00,6278.00,8357.00,229.21,0.211,157.00,167.00,284,46.77,35.34887833,-117.81753667,11,6,22,48,12.60,340036,6876,-68
17.60,-1.082031,183.00,6983.00,6309.00,8388.00,223.73,0.206,150.00,166.00,284,47.90,35.34890167,-117.81764500,11,6,22,48,12.80,340056,6918,-67
17.80,-1.082031,176.00,7019.00,6338.00,8417.00,219.10,0.202,143.00,166.00,284,49.26,35.34892333,-117.81775167,11,6,22,48,13.00,340076,6958,-67
18.00,-1.023438,169.00,7054.00,6367.00,8446.00,214.60,0.198,136.00,166.00,284,50.67,35.34894667,-117.81786000,11,6,22,48,13.20,340096,6998,-67
18.20,-1.082031,162.00,7087.00,6393.00,8472.00,210.85,0.195,130.00,166.00,284,51.93,35.34896833,-117.81796833,11,6,22,48,13.40,340116,7035,-65
18.40,-1.023438,155.00,7119.00,6419.00,8498.00,205.80,0.190,123.00,165.00,284,53.30,35.34899000,-117.81807500,11,6,22,48,13.60,340136,7072,-65
18.60,-1.082031,148.00,7149.00,6443.00,8522.00,201.70,0.186,116.00,165.00,284,54.89,35.34901333,-117.81818333,11,6,22,48,13.80,340156,7108,-67
18.80,-1.082031,142.00,7178.00,6465.00,8544.00,198.31,0.183,110.00,165.00,284,56.31,35.34903500,-117.81829000,11,6,22,48,14.00,340176,7142,-67
19.00,-1.023438,135.00,7206.00,6487.00,8566.00,195.04,0.180,104.00,165.00,284,57.78,35.34905667,-117.81839833,11,6,22,48,14.20,340196,7176,-67
19.21,-1.082031,128.00,7234.00,6507.00,8586.00,190.54,0.176,97.00,164.00,284,59.40,35.34907833,-117.81850500,11,6,22,48,14.40,340217,7207,-69
19.40,-1.082031,121.00,7257.00,6526.00,8605.00,187.56,0.173,91.00,164.00,284,60.98,35.34910000,-117.81861333,11,6,22,48,14.60,340236,7239,-68
19.60,-1.023438,115.00,7281.00,6543.00,8622.00,184.26,0.170,84.00,164.00,284,62.88,35.34912000,-117.81872000,11,6,22,48,14.80,340256,7268,-65
19.80,-1.082031,108.00,7304.00,6560.00,8639.00,181.60,0.168,78.00,164.00,284,64.56,35.34914167,-117.81882667,11,6,22,48,15.00,340276,7298,-65
20.00,-1.082031,101.00,7325.00,6575.00,8654.00,177.79,0.164,71.00,163.00,284,66.46,35.34916333,-117.81893333,11,6,22,48,15.20,340296,7325,-65
20.20,-1.082031,94.00,7344.00,6589.00,8668.00,175.48,0.162,65.00,163.00,284,68.26,35.34918333,-117.81903833,11,6,22,48,15.40,340316,7352,-65
20.40,-1.082031,87.00,7362.00,6601.00,8680.00,172.41,0.159,59.00,162.00,284,69.99,35.34920500,-117.81914500,11,6,22,48,15.60,340336,7377,-64
20.60,-1.082031,80.00,7379.00,6612.00,8691.00,170.14,0.157,52.00,162.00,284,72.20,35.34922667,-117.81925000,11,6,22,48,15.80,340356,7401,-65
20.80,-1.082031,73.00,7395.00,6622.00,8701.00,168.40,0.156,46.00,162.00,283,74.15,35.34924667,-117.81935500,11,6,22,48,16.00,340376,7425,-67
21.00,-1.082031,66.00,7409.00,6631.00,8710.00,165.66,0.153,39.00,161.00,283,76.38,35.34926667,-117.81946167,11,6,22,48,16.20,340396,7447,-68
21.20,-1.082031,59.00,7422.00,6638.00,8717.00,164.35,0.152,33.00,161.00,283,78.42,35.34928833,-117.81956500,11,6,22,48,16.40,340416,7468,-66
21.40,-1.140625,53.00,7433.00,6644.00,8723.00,162.10,0.150,26.00,160.00,283,80.77,35.34930833,-117.81967000,11,6,22,48,16.60,340436,7488,-65
21.60,-1.082031,46.00,7443.00,6649.00,8728.00,161.25,0.149,20.00,160.00,283,82.87,35.34932833,-117.81977500,11,6,22,48,16.80,340456,7507,-66
21.80,-1.082031,39.00,7451.00,6652.00,8731.00,160.53,0.148,13.00,160.00,283,85.35,35.34934833,-117.81987833,11,6,22,48,17.00,340476,7524,-67
22.00,-1.082031,32.00,7459.00,6654.00,8733.00,159.15,0.147,7.00,159.00,283,87.48,35.34937000,-117.81998333,11,6,22,48,17.20,340496,7541,-67
22.20,-1.023438,25.00,7465.00,6655.00,8734.00,159.00,0.147,1.00,159.00,283,89.64,35.34939000,-117.82008667,11,6,22,48,17.40,340516,7557,-65
22.40,-1.023438,19.00,7469.00,6655.00,8734.00,159.11,0.147,-6.00,159.00,283,92.16,35.34941000,-117.82019000,11,6,22,48,17.60,340536,7571,-68
22.60,-1.023438,28.00,7473.00,6653.00,8732.00,158.46,0.146,-12.00,158.00,283,94.34,35.34943000,-117.82029333,11,6,22,48,17.80,340556,7585,-66
22.80,-8.679688,9.00,7478.00,6649.00,8728.00,181.22,0.167,-21.00,180.00,284,96.65,35.34945167,-117.82040333,11,6,22,48,18.00,340576,7597,-65
23.00,-6.839844,-43.00,7475.00,6645.00,8724.00,165.47,0.153,-22.00,164.00,284,97.64,35.34947500,-117.82051500,11,6,22,48,18.20,340596,7610,-69
23.20,-2.445312,0.00,7475.00,6641.00,8720.00,119.82,0.111,-14.00,119.00,277,96.71,35.34949000,-117.82060833,11,6,22,48,18.40,340616,7620,-69
23.40,-10.937500,0.00,7475.00,6640.00,8719.00,100.32,0.093,-8.00,100.00,274,94.57,35.34949500,-117.82068000,11,6,22,48,18.60,340636,7630,-66
23.60,-2.804688,0.00,7475.00,6640.00,8719.00,65.12,0.060,4.00,65.00,281,86.48,35.34950167,-117.82073333,11,6,22,48,18.80,340656,7638,-66
24.00,-12.003906,0.00,7475.00,6633.00,8712.00,52.33,0.048,-37.00,37.00,222,135.00,35.34948000,-117.82079833,11,6,22,48,19.20,340696,7640,-69
24.20,-4.882812,0.00,7475.00,6631.00,8710.00,58.82,0.054,-18.00,56.00,224,107.82,35.34946167,-117.82082000,11,6,22,48,19.40,340716,7640,-65
24.40,-6.304688,0.00,7475.00,6634.00,8713.00,44.78,0.041,18.00,41.00,265,66.30,35.34945167,-117.82084667,11,6,22,48,19.60,340736,7646,-76
24.60,-0.843750,0.00,7475.00,6641.00,8720.00,51.62,0.048,27.00,44.00,249,58.47,35.34944667,-117.82087500,11,6,22,48,19.80,340756,7656,-67
24.80,-1.378906,0.00,7475.00,6649.00,8728.00,75.45,0.070,43.00,62.00,268,55.26,35.34944333,-117.82091500,11,6,22,48,20.00,340776,7669,-67
25.01,-3.101562,0.00,7475.00,6655.00,8734.00,80.23,0.074,14.00,79.00,265,79.95,35.34944500,-117.82097000,11,6,22,48,20.20,340797,7682,-63
25.20,-3.218750,0.00,7475.00,-2079.00,0.00,80.23,0.072,14.00,79.00,265,79.95,35.34944000,-117.82102167,0,1,22,48,20.40,340816,7682,-65
25.40,-3.871094,0.00,7475.00,-2079.00,0.00,80.23,0.072,14.00,79.00,265,79.95,35.34943667,-117.82107500,0,1,22,48,20.60,340836,7682,-67
25.60,-1.437500,0.00,7475.00,6636.00,8715.00,101.21,0.094,-62.00,80.00,254,127.78,35.34943167,-117.82118167,11,6,22,48,20.80,340856,7695,-68
25.80,-2.089844,0.00,7475.00,6619.00,8698.00,112.93,0.104,-72.00,87.00,284,129.61,35.34944167,-117.82127833,11,6,22,48,21.00,340876,7695,-64
26.00,-2.507812,0.00,7475.00,6602.00,8681.00,110.45,0.102,-74.00,82.00,287,132.06,35.34947000,-117.82138667,11,6,22,48,21.20,340896,7698,-65
26.20,-2.566406,0.00,7475.00,6583.00,8662.00,119.55,0.110,-87.00,82.00,290,136.69,35.34949333,-117.82148333,11,6,22,48,21.40,340916,7697,-65
26.40,-3.695312,0.00,7475.00,6562.00,8641.00,136.52,0.126,-99.00,94.00,286,136.48,35.34952000,-117.82157500,11,6,22,48,21.60,340936,7694,-78
26.60,-2.210938,0.00,7475.00,6538.00,8617.00,143.54,0.133,-102.00,101.00,274,135.28,35.34953333,-117.82166000,11,6,22,48,21.80,340956,7687,-68
26.80,-4.644531,0.00,7475.00,6518.00,8597.00,133.00,0.123,-91.00,97.00,273,133.17,35.34953500,-117.82173667,11,6,22,48,22.00,340976,7681,-67
27.00,-2.804688,0.00,7475.00,6495.00,8574.00,135.72,0.125,-86.00,105.00,262,129.32,35.34954500,-117.82182667,11,6,22,48,22.20,340996,7676,-66
27.20,-1.972656,0.00,7475.00,6474.00,8553.00,130.30,0.120,-87.00,97.00,252,131.89,35.34953833,-117.82191000,11,6,22,48,22.40,341016,7671,-67
27.40,-2.507812,0.00,7475.00,6453.00,8532.00,121.63,0.112,-85.00,87.00,253,134.33,35.34952833,-117.82198500,11,6,22,48,22.60,341036,7664,-65
27.60,-2.328125,0.00,7475.00,6433.00,8512.00,115.97,0.107,-81.00,83.00,249,134.30,35.34951833,-117.82205333,11,6,22,48,22.80,341056,7657,-66
27.80,-3.515625,0.00,7475.00,6415.00,8494.00,126.73,0.117,-85.00,94.00,247,132.12,35.34950167,-117.82211167,11,6,22,48,23.00,341076,7651,-65
28.00,-3.335938,0.00,7475.00,6397.00,8476.00,122.29,0.113,-77.00,95.00,256,129.03,35.34948833,-117.82217667,11,6,22,48,23.20,341096,7645,-65
28.20,-2.386719,0.00,7475.00,6379.00,8458.00,113.36,0.105,-75.00,85.00,263,131.42,35.34948167,-117.82223833,11,6,22,48,23.40,341116,7639,-63
28.40,-2.089844,0.00,7475.00,6362.00,8441.00,119.50,0.110,-84.00,85.00,266,134.66,35.34948000,-117.82230000,11,6,22,48,23.60,341136,7635,-66
28.60,-2.683594,0.00,7475.00,6340.00,8419.00,131.21,0.121,-104.00,80.00,264,142.43,35.34948000,-117.82236333,11,6,22,48,23.80,341156,7627,-64
28.80,-1.320312,0.00,7475.00,6316.00,8395.00,137.28,0.127,-107.00,86.00,254,141.21,35.34947333,-117.82242667,11,6,22,48,24.00,341176,7617,-66
29.00,-1.792969,0.00,7475.00,6293.00,8372.00,131.02,0.121,-106.00,77.00,259,144.00,35.34946500,-117.82248333,11,6,22,48,24.20,341196,7606,-64
29.20,-3.335938,0.00,7475.00,6272.00,8351.00,124.20,0.115,-99.00,75.00,258,142.85,35.34945833,-117.82253833,11,6,22,48,24.40,341216,7598,-65
29.39,-1.675781,0.00,7475.00,6250.00,8329.00,115.94,0.107,-96.00,65.00,260,145.90,35.34945333,-117.82259000,11,6,22,48,24.60,341235,7588,-66
29.60,-1.320312,0.00,7475.00,6227.00,8306.00,125.67,0.116,-112.00,57.00,265,153.03,35.34945167,-117.82263500,11,6,22,48,24.80,341256,7576,-65
29.80,-3.335938,0.00,7475.00,6202.00,8281.00,128.44,0.118,-117.00,53.00,268,155.63,35.34945167,-117.82267667,11,6,22,48,25.00,341276,7562,-65
30.00,-3.277344,0.00,7475.00,6179.00,8258.00,108.47,0.100,-103.00,34.00,269,161.73,35.34945333,-117.82271167,11,6,22,48,25.20,341296,7549,-66
30.20,-3.218750,0.00,7475.00,6156.00,8235.00,107.20,0.099,-104.00,26.00,250,165.96,35.34945167,-117.82273500,11,6,22,48,25.40,341316,7534,-65
30.40,-3.101562,0.00,7475.00,6133.00,8212.00,121.76,0.112,-115.00,40.00,221,160.82,35.34944167,-117.82275500,11,6,22,48,25.60,341336,7518,-65
30.60,-3.101562,0.00,7475.00,6109.00,8188.00,119.92,0.111,-109.00,50.00,220,155.36,35.34942333,-117.82277667,11,6,22,48,25.80,341356,7502,-64
30.80,-3.039062,0.00,7475.00,6087.00,8166.00,125.54,0.116,-108.00,64.00,216,149.35,35.34940000,-117.82280333,11,6,22,48,26.00,341376,7487,-65
31.00,-3.812500,0.00,7475.00,6063.00,8142.00,138.40,0.128,-115.00,77.00,219,146.20,35.34937000,-117.82283500,10,6,22,48,26.20,341396,7472,-65
31.20,-3.812500,0.00,7475.00,6039.00,8118.00,139.40,0.128,-112.00,83.00,229,143.46,35.34934167,-117.82287333,11,6,22,48,26.40,341416,7457,-68
31.40,-3.871094,0.00,7475.00,6015.00,8094.00,136.40,0.126,-109.00,82.00,243,143.05,35.34931667,-117.82292167,11,6,22,48,26.60,341436,7445,-67
31.60,-4.585938,0.00,7475.00,5993.00,8072.00,126.40,0.116,-101.00,76.00,254,143.04,35.34930167,-117.82297167,11,6,22,48,26.80,341456,7435,-66
31.80,-6.007812,0.00,7475.00,5973.00,8052.00,118.44,0.109,-90.00,77.00,266,139.45,35.34929500,-117.82302167,11,6,22,48,27.00,341476,7427,-66
32.00,-3.515625,0.00,7475.00,5953.00,8032.00,117.64,0.108,-96.00,68.00,283,144.69,35.34930000,-117.82307167,11,6,22,48,27.20,341496,7420,-63
32.20,-2.566406,0.00,7475.00,5932.00,8011.00,111.43,0.103,-104.00,40.00,283,158.96,35.34930667,-117.82310833,11,6,22,48,27.40,341516,7410,-64
32.40,-1.554688,0.00,7475.00,5911.00,7990.00,104.36,0.096,-99.00,33.00,276,161.57,35.34931167,-117.82313500,11,6,22,48,27.60,341536,7398,-65
32.60,-2.625000,0.00,7475.00,5889.00,7968.00,112.75,0.104,-112.00,13.00,282,173.38,35.34931333,-117.82315167,11,6,22,48,27.80,341556,7383,-63
32.80,-3.574219,0.00,7475.00,5866.00,7945.00,110.16,0.101,-110.00,6.00,315,176.88,35.34931667,-117.82315833,11,6,22,48,28.00,341576,7366,-62
33.00,-1.792969,0.00,7475.00,5842.00,7921.00,113.53,0.105,-113.00,11.00,153,174.44,35.34931667,-117.82316167,11,6,22,48,28.20,341596,7348,-64
33.20,-1.554688,0.00,7475.00,5819.00,7898.00,118.38,0.109,-117.00,18.00,159,171.25,35.34931000,-117.82316000,11,6,22,48,28.40,341616,7329,-66
33.40,-1.554688,0.00,7475.00,5794.00,7873.00,119.44,0.110,-117.00,24.00,155,168.41,35.34930000,-117.82315667,11,6,22,48,28.60,341636,7308,-65
33.60,-2.210938,0.00,7475.00,5770.00,7849.00,123.69,0.114,-120.00,30.00,167,165.96,35.34928667,-117.82315333,11,6,22,48,28.80,341656,7288,-65
33.80,-2.148438,0.00,7475.00,5746.00,7825.00,118.30,0.109,-113.00,35.00,180,162.79,35.34927000,-117.82315167,11,6,22,48,29.00,341676,7268,-65
34.00,-1.199219,0.00,7475.00,5722.00,7801.00,122.38,0.113,-113.00,47.00,180,157.42,35.34924833,-117.82315500,11,6,22,48,29.20,341696,7248,-68
34.20,-2.089844,0.00,7475.00,5699.00,7778.00,123.91,0.114,-112.00,53.00,179,154.68,35.34922000,-117.82315667,11,6,22,48,29.40,341716,7229,-67
34.40,-3.101562,0.00,7475.00,5676.00,7755.00,123.91,0.114,-112.00,53.00,184,154.68,35.34919333,-117.82316000,11,6,22,48,29.60,341736,7210,-69
34.60,-3.160156,0.00,7475.00,5653.00,7732.00,120.83,0.111,-110.00,50.00,201,155.56,35.34916667,-117.82316833,11,6,22,48,29.80,341756,7193,-70
34.80,-2.445312,0.00,7475.00,5631.00,7710.00,119.47,0.110,-105.00,57.00,211,151.50,35.34914167,-117.82318500,11,6,22,48,30.00,341776,7177,-66
35.00,-3.101562,0.00,7475.00,5609.00,7688.00,117.66,0.108,-100.00,62.00,219,148.20,35.34911500,-117.82320833,11,6,22,48,30.20,341796,7163,-65
35.20,-2.445312,0.00,7475.00,5588.00,7667.00,123.55,0.114,-108.00,60.00,229,150.95,35.34909167,-117.82323833,11,6,22,48,30.40,341816,7151,-64
35.40,-3.335938,0.00,7475.00,5565.00,7644.00,123.86,0.114,-115.00,46.00,238,158.20,35.34907500,-117.82326833,11,6,22,48,30.60,341836,7138,-65
35.60,-2.089844,0.00,7475.00,5542.00,7621.00,117.32,0.108,-111.00,38.00,247,161.10,35.34906500,-117.82329333,11,6,22,48,30.80,341856,7124,-65
35.80,-3.335938,0.00,7475.00,5519.00,7598.00,114.02,0.105,-110.00,30.00,271,164.74,35.34906167,-117.82331500,11,6,22,48,31.00,341876,7110,-66
36.00,-2.148438,0.00,7475.00,5496.00,7575.00,111.99,0.103,-110.00,21.00,289,169.19,35.34906333,-117.82333333,11,6,22,48,31.20,341896,7096,-65
36.20,-3.929688,0.00,7475.00,5474.00,7553.00,105.48,0.097,-105.00,10.00,296,174.56,35.34906667,-117.82334333,11,6,22,48,31.40,341916,7081,-66
36.40,-2.507812,0.00,7475.00,5452.00,7531.00,106.08,0.098,-106.00,4.00,68,177.84,35.34907000,-117.82334667,11,6,22,48,31.60,341936,7064,-65
36.60,-2.863281,0.00,7475.00,5431.00,7510.00,105.93,0.097,-105.00,14.00,109,172.41,35.34907000,-117.82334167,11,6,22,48,31.80,341956,7047,-65
36.80,-2.148438,0.00,7475.00,5409.00,7488.00,108.85,0.100,-107.00,20.00,118,169.41,35.34906667,-117.82333333,11,6,22,48,32.00,341976,7029,-66
37.00,-1.675781,0.00,7475.00,5388.00,7467.00,109.11,0.100,-104.00,33.00,155,162.40,35.34905500,-117.82332333,11,6,22,48,32.20,341996,7010,-67
37.20,0.105469,0.00,7475.00,5367.00,7446.00,106.32,0.098,-102.00,30.00,167,163.61,35.34904000,-117.82331667,11,6,22,48,32.40,342016,6992,-69
37.40,-0.785156,0.00,7475.00,5346.00,7425.00,105.36,0.097,-101.00,30.00,157,163.46,35.34902500,-117.82331167,11,6,22,48,32.60,342036,6974,-69
37.60,-1.082031,0.00,7475.00,5324.00,7403.00,124.23,0.114,-115.00,47.00,155,157.77,35.34900667,-117.82330000,11,6,22,48,32.80,342056,6954,-64
37.80,-1.437500,0.00,7475.00,5301.00,7380.00,115.69,0.106,-107.00,44.00,158,157.65,35.34898333,-117.82328833,11,6,22,48,33.00,342076,6934,-65
38.00,-3.753906,0.00,7475.00,5280.00,7359.00,115.69,0.106,-107.00,44.00,154,157.65,35.34896167,-117.82327667,11,6,22,48,33.20,342096,6915,-68
38.20,-2.566406,0.00,7475.00,5259.00,7338.00,119.20,0.110,-103.00,60.00,175,149.78,35.34893500,-117.82326833,11,6,22,48,33.40,342116,6896,-70
38.40,-1.851562,0.00,7475.00,5239.00,7318.00,110.48,0.102,-98.00,51.00,184,152.51,35.34890500,-117.82326833,11,6,22,48,33.60,342136,6879,-66
38.60,-3.398438,0.00,7475.00,5219.00,7298.00,106.89,0.098,-95.00,49.00,187,152.72,35.34887667,-117.82327167,11,6,22,48,33.80,342156,6864,-65
38.80,-2.031250,0.00,7475.00,5199.00,7278.00,115.39,0.106,-104.00,50.00,196,154.32,35.34885167,-117.82328000,11,6,22,48,34.00,342176,6849,-63
39.00,-1.257812,0.00,7475.00,5177.00,7256.00,124.91,0.115,-109.00,61.00,197,150.77,35.34882167,-117.82329167,11,6,22,48,34.20,342196,6834,-71
39.20,-3.992188,0.00,7475.00,5155.00,7234.00,126.25,0.116,-107.00,67.00,192,147.95,35.34878833,-117.82330333,11,6,22,48,34.40,342216,6818,-64
39.40,-3.218750,0.00,7475.00,5132.00,7211.00,130.14,0.120,-116.00,59.00,174,153.04,35.34875333,-117.82330667,11,6,22,48,34.60,342236,6800,-63
39.60,-3.632812,0.00,7475.00,5108.00,7187.00,123.97,0.114,-118.00,38.00,179,162.15,35.34872833,-117.82330333,11,6,22,48,34.80,342256,6780,-65
39.80,-2.507812,0.00,7475.00,5085.00,7164.00,117.72,0.108,-113.00,33.00,215,163.72,35.34871000,-117.82331000,11,6,22,48,35.00,342276,6763,-65
40.00,-2.089844,0.00,7475.00,5063.00,7142.00,111.00,0.102,-105.00,36.00,205,161.08,35.34869333,-117.82332167,11,6,22,48,35.20,342296,6749,-67
40.20,-1.734375,0.00,7475.00,5042.00,7121.00,103.82,0.095,-97.00,37.00,204,159.12,35.34867500,-117.82333167,11,6,22,48,35.40,342316,6734,-65
40.40,-1.617188,0.00,7475.00,5022.00,7101.00,106.62,0.098,-98.00,42.00,211,156.80,35.34865667,-117.82334500,11,6,22,48,35.60,342336,6721,-65
40.60,-2.089844,0.00,7475.00,5001.00,7080.00,115.17,0.106,-108.00,40.00,218,159.68,35.34863833,-117.82336167,11,6,22,48,35.80,342356,6708,-64
40.80,-3.632812,0.00,7475.00,4979.00,7058.00,118.96,0.109,-114.00,34.00,220,163.39,35.34862333,-117.82337833,11,6,22,48,36.00,342376,6694,-66
41.00,-2.031250,0.00,7475.00,4956.00,7035.00,112.29,0.103,-111.00,17.00,162,171.29,35.34861167,-117.82338333,11,6,22,48,36.20,342396,6678,-65
41.20,-1.199219,0.00,7475.00,4934.00,7013.00,104.92,0.096,-103.00,20.00,165,169.01,35.34860167,-117.82338000,11,6,22,48,36.40,342416,6660,-68
41.40,-2.566406,0.00,7475.00,4913.00,6992.00,109.90,0.101,-106.00,29.00,151,164.70,35.34859000,-117.82337333,11,6,22,48,36.60,342436,6643,-64
41.60,-3.457031,0.00,7475.00,4891.00,6970.00,121.81,0.112,-119.00,26.00,144,167.68,35.34857833,-117.82336500,11,6,22,48,36.80,342456,6625,-69
41.80,-1.378906,0.00,7475.00,4866.00,6945.00,129.44,0.119,-127.00,25.00,186,168.86,35.34856500,-117.82336000,11,6,22,48,37.00,342476,6605,-65
42.00,-1.914062,0.00,7475.00,4841.00,6920.00,119.24,0.109,-117.00,23.00,183,168.88,35.34855167,-117.82336167,11,6,22,48,37.20,342496,6586,-65
42.20,-0.902344,0.00,7475.00,4818.00,6897.00,114.27,0.105,-113.00,17.00,185,171.44,35.34854167,-117.82336333,11,6,22,48,37.40,342516,6569,-64
42.40,-0.902344,0.00,7475.00,4794.00,6873.00,123.04,0.113,-122.00,16.00,179,172.53,35.34853333,-117.82336333,11,6,22,48,37.60,342536,6551,-65
42.60,-1.792969,0.00,7475.00,4769.00,6848.00,124.78,0.114,-123.00,21.00,177,170.31,35.34852333,-117.82336333,11,6,22,48,37.80,342556,6533,-65
42.80,-3.277344,0.00,7475.00,4745.00,6824.00,117.48,0.108,-115.00,24.00,169,168.21,35.34851167,-117.82336167,11,6,22,48,38.00,342576,6514,-64
43.00,-2.148438,0.00,7475.00,4722.00,6801.00,114.54,0.105,-112.00,24.00,148,167.91,35.34850000,-117.82335667,11,6,22,48,38.20,342596,6496,-64
43.20,-2.742188,0.00,7475.00,4699.00,6778.00,117.39,0.108,-116.00,18.00,121,171.18,35.34849333,-117.82334667,11,6,22,48,38.40,342616,6477,-65
43.40,-1.496094,0.00,7475.00,4676.00,6755.00,108.46,0.099,-108.00,10.00,118,174.71,35.34848833,-117.82333833,11,6,22,48,38.60,342636,6459,-65
43.60,-1.023438,0.00,7475.00,4654.00,6733.00,109.04,0.100,-109.00,3.00,144,178.42,35.34848667,-117.82333500,11,6,22,48,38.80,342656,6442,-65
43.80,-0.667969,0.00,7475.00,4631.00,6710.00,111.02,0.102,-111.00,2.00,148,178.97,35.34848667,-117.82333500,11,6,22,48,39.00,342676,6425,-65
44.00,-1.320312,0.00,7475.00,4608.00,6687.00,116.16,0.107,-116.00,6.00,132,177.04,35.34848500,-117.82333333,11,6,22,48,39.20,342696,6408,-65
44.20,-1.617188,0.00,7475.00,4584.00,6663.00,116.84,0.107,-116.00,14.00,150,173.12,35.34848000,-117.82332833,11,6,22,48,39.40,342716,6390,-63
44.40,-1.972656,0.00,7475.00,4561.00,6640.00,113.28,0.104,-112.00,17.00,141,171.37,35.34847500,-117.82332333,11,6,22,48,39.60,342736,6372,-64
44.60,-1.437500,0.00,7475.00,4538.00,6617.00,113.60,0.104,-112.00,19.00,123,170.37,35.34846833,-117.82331500,11,6,22,48,39.80,342756,6354,-65
44.81,-1.199219,0.00,7475.00,4516.00,6595.00,112.97,0.104,-111.00,21.00,114,169.29,35.34846333,-117.82330333,11,6,22,48,40.00,342777,6335,-64
45.00,-0.843750,0.00,7475.00,4494.00,6573.00,111.00,0.102,-109.00,21.00,114,169.09,35.34845833,-117.82329000,11,6,22,48,40.20,342796,6317,-66
45.20,0.285156,0.00,7475.00,4472.00,6551.00,112.97,0.104,-111.00,21.00,116,169.29,35.34845333,-117.82327833,11,6,22,48,40.40,342816,6299,-65
45.40,-1.082031,0.00,7475.00,4449.00,6528.00,115.52,0.106,-113.00,24.00,120,168.01,35.34844833,-117.82326500,11,6,22,48,40.60,342836,6279,-66
45.60,-0.546875,0.00,7475.00,4426.00,6505.00,114.34,0.105,-112.00,23.00,109,168.40,35.34844333,-117.82325000,11,6,22,48,40.80,342856,6260,-66
45.80,-0.191406,0.00,7475.00,4404.00,6483.00,113.95,0.104,-112.00,21.00,111,169.38,35.34843833,-117.82323500,11,6,22,48,41.00,342876,6241,-67
46.00,-0.308594,0.00,7475.00,4381.00,6460.00,114.93,0.105,-113.00,21.00,111,169.47,35.34843500,-117.82322333,11,6,22,48,41.20,342896,6222,-65
46.20,-0.964844,0.00,7475.00,4358.00,6437.00,118.26,0.108,-116.00,23.00,116,168.79,35.34843000,-117.82321000,11,6,22,48,41.40,342916,6203,-63
46.40,-2.031250,0.00,7475.00,4334.00,6413.00,116.10,0.106,-114.00,22.00,124,169.08,35.34842500,-117.82319667,11,6,22,48,41.60,342936,6183,-65
46.60,-2.269531,0.00,7475.00,4311.00,6390.00,117.63,0.108,-114.00,29.00,129,165.73,35.34841667,-117.82318333,11,6,22,48,41.80,342956,6164,-63
46.80,-1.851562,0.00,7475.00,4289.00,6368.00,118.60,0.109,-112.00,39.00,106,160.80,35.34840833,-117.82316167,11,6,22,48,42.00,342976,6143,-67
47.00,-0.726562,0.00,7475.00,4266.00,6345.00,112.36,0.103,-108.00,31.00,99,163.98,35.34840333,-117.82314000,11,6,22,48,42.20,342996,6123,-68
47.20,-1.734375,0.00,7475.00,4244.00,6323.00,112.79,0.103,-109.00,29.00,97,165.10,35.34840167,-117.82312000,11,6,22,48,42.40,343016,6103,-65
47.40,-1.914062,0.00,7475.00,4222.00,6301.00,122.18,0.112,-120.00,23.00,113,169.15,35.34839833,-117.82310333,11,6,22,48,42.60,343036,6084,-64
47.60,-1.914062,0.00,7475.00,4198.00,6277.00,119.85,0.110,-117.00,26.00,135,167.47,35.34839000,-117.82309000,11,6,22,48,42.80,343056,6064,-65
47.80,-3.218750,0.00,7475.00,4175.00,6254.00,119.92,0.110,-115.00,34.00,136,163.53,35.34837833,-117.82307500,11,6,22,48,43.00,343076,6045,-65
48.00,-2.328125,0.00,7475.00,4152.00,6231.00,120.55,0.110,-113.00,42.00,122,159.61,35.34836667,-117.82305500,11,6,22,48,43.20,343096,6024,-65
48.20,-1.023438,0.00,7475.00,4129.00,6208.00,117.99,0.108,-111.00,40.00,105,160.18,35.34835667,-117.82303000,11,6,22,48,43.40,343116,6003,-67
48.40,-1.082031,0.00,7475.00,4107.00,6186.00,117.05,0.107,-112.00,34.00,96,163.11,35.34835333,-117.82300667,11,6,22,48,43.60,343136,5982,-68
48.60,-2.269531,0.00,7475.00,4084.00,6163.00,119.37,0.109,-115.00,32.00,104,164.45,35.34835000,-117.82298500,11,6,22,48,43.80,343156,5962,-65
48.80,-2.742188,0.00,7475.00,4061.00,6140.00,125.63,0.115,-122.00,30.00,128,166.18,35.34834333,-117.82296500,11,6,22,48,44.00,343176,5941,-64
49.00,-1.320312,0.00,7475.00,4037.00,6116.00,120.21,0.110,-115.00,35.00,143,163.07,35.34833000,-117.82295000,11,6,22,48,44.20,343196,5921,-62
49.20,-1.972656,0.00,7475.00,4014.00,6093.00,117.34,0.107,-112.00,35.00,143,162.65,35.34831500,-117.82293667,11,6,22,48,44.40,343216,5902,-64
49.40,-1.378906,0.00,7475.00,3991.00,6070.00,120.33,0.110,-112.00,44.00,146,158.55,35.34829667,-117.82292000,11,6,22,48,44.60,343236,5882,-66
49.60,-2.031250,0.00,7475.00,3969.00,6048.00,119.40,0.109,-111.00,44.00,142,158.38,35.34827667,-117.82290333,11,6,22,48,44.80,343256,5863,-65
49.80,-0.785156,0.00,7475.00,3947.00,6026.00,117.00,0.107,-108.00,45.00,140,157.38,35.34825833,-117.82288500,11,6,22,48,45.00,343276,5844,-70
50.00,-1.320312,0.00,7475.00,3925.00,6004.00,116.62,0.107,-108.00,44.00,134,157.83,35.34824000,-117.82286333,11,6,22,48,45.20,343296,5824,-67
50.20,-0.605469,0.00,7475.00,3903.00,5982.00,122.38,0.112,-116.00,39.00,135,161.42,35.34822333,-117.82284500,11,6,22,48,45.40,343316,5804,-66
50.40,-1.851562,0.00,7475.00,3879.00,5958.00,120.49,0.110,-114.00,39.00,141,161.11,35.34820833,-117.82282667,11,6,22,48,45.60,343336,5784,-62
50.60,-2.980469,0.00,7475.00,3857.00,5936.00,119.87,0.110,-113.00,40.00,153,160.51,35.34819000,-117.82281333,11,6,22,48,45.80,343356,5765,-64
50.80,-2.921875,0.00,7475.00,3834.00,5913.00,126.57,0.116,-114.00,55.00,155,154.24,35.34816667,-117.82279833,11,6,22,48,46.00,343376,5746,-64
51.00,-5.832031,0.00,7475.00,3811.00,5890.00,123.07,0.113,-108.00,59.00,143,151.35,35.34814000,-117.82277833,11,6,22,48,46.20,343396,5726,-64
51.20,-2.210938,0.00,7475.00,3789.00,5868.00,118.68,0.109,-111.00,42.00,110,159.27,35.34812333,-117.82275333,11,6,22,48,46.40,343416,5705,-63
51.40,-1.734375,0.00,7475.00,3767.00,5846.00,110.60,0.101,-107.00,28.00,98,165.34,35.34811833,-117.82273000,11,6,22,48,46.60,343436,5685,-70
51.60,-1.972656,0.00,7475.00,3746.00,5825.00,113.05,0.103,-109.00,30.00,96,164.61,35.34811667,-117.82271167,11,6,22,48,46.80,343456,5667,-65
51.80,-1.617188,0.00,7475.00,3723.00,5802.00,121.43,0.111,-115.00,39.00,94,161.27,35.34811500,-117.82268833,11,6,22,48,47.00,343476,5646,-64
52.00,-2.804688,0.00,7475.00,3702.00,5781.00,115.32,0.105,-107.00,43.00,94,158.11,35.34811333,-117.82266167,11,6,22,48,47.20,343496,5627,-67
52.20,-3.457031,0.00,7475.00,3681.00,5760.00,107.22,0.098,-101.00,36.00,101,160.38,35.34811000,-117.82263500,11,6,22,48,47.40,343516,5606,-67
52.40,-2.269531,0.00,7475.00,3661.00,5740.00,105.76,0.097,-103.00,24.00,127,166.88,35.34810500,-117.82261667,11,6,22,48,47.60,343536,5589,-68
52.60,-2.742188,0.00,7475.00,3639.00,5718.00,123.17,0.113,-121.00,23.00,148,169.24,35.34809500,-117.82260667,11,6,22,48,47.80,343556,5572,-65
52.80,-4.406250,0.00,7475.00,3613.00,5692.00,134.94,0.123,-132.00,28.00,155,168.02,35.34808333,-117.82259833,11,6,22,48,48.00,343576,5553,-69
53.00,-6.781250,0.00,7475.00,3586.00,5665.00,147.05,0.134,-139.00,48.00,143,160.95,35.34806500,-117.82258500,11,6,22,48,48.20,343596,5532,-68
53.20,-6.722656,0.00,7475.00,3560.00,5639.00,136.40,0.125,-122.00,61.00,111,153.43,35.34805000,-117.82255667,11,6,22,48,48.40,343616,5508,-67
53.40,-6.007812,0.00,7475.00,3539.00,5618.00,117.05,0.107,-98.00,64.00,82,146.85,35.34804667,-117.82251500,11,6,22,48,48.60,343636,5485,-68
53.60,-11.531250,0.00,7475.00,3517.00,5596.00,129.87,0.119,-119.00,52.00,50,156.40,35.34805833,-117.82248000,11,6,22,48,48.80,343656,5463,-64
53.80,-4.585938,0.00,7475.00,3492.00,5571.00,128.89,0.118,-127.00,22.00,4,170.17,35.34807333,-117.82246667,11,6,22,48,49.00,343676,5445,-63
54.00,-5.117188,0.00,7475.00,3467.00,5546.00,128.76,0.118,-128.00,14.00,172,173.76,35.34807500,-117.82246667,11,6,22,48,49.20,343696,5428,-66
54.20,-3.929688,0.00,7475.00,3441.00,5520.00,130.60,0.119,-124.00,41.00,150,161.70,35.34806000,-117.82245833,11,6,22,48,49.40,343716,5410,-65
54.40,-5.238281,0.00,7475.00,3417.00,5496.00,132.42,0.121,-120.00,56.00,161,154.98,35.34803667,-117.82244500,11,6,22,48,49.60,343736,5391,-65
54.60,-3.515625,0.00,7475.00,3393.00,5472.00,148.41,0.136,-125.00,80.00,148,147.38,35.34800333,-117.82242500,11,6,22,48,49.80,343756,5370,-65
54.80,-5.355469,0.00,7475.00,3368.00,5447.00,143.13,0.131,-118.00,81.00,129,145.53,35.34797000,-117.82239000,11,6,22,48,50.00,343776,5345,-71
55.00,-3.812500,0.00,7475.00,3345.00,5424.00,133.46,0.122,-116.00,66.00,108,150.36,35.34795167,-117.82234833,11,6,22,48,50.20,343796,5321,-65
55.20,-3.574219,0.00,7475.00,3321.00,5400.00,124.62,0.114,-119.00,37.00,97,162.73,35.34794500,-117.82231500,11,6,22,48,50.40,343816,5298,-69
55.40,-4.820312,0.00,7475.00,3297.00,5376.00,116.97,0.107,-116.00,15.00,85,172.63,35.34794333,-117.82229667,11,6,22,48,50.60,343836,5278,-65
55.60,-6.187500,0.00,7475.00,3270.00,5349.00,137.52,0.126,-137.00,12.00,227,174.99,35.34794167,-117.82229500,11,6,22,48,50.80,343856,5261,-63
55.80,-3.695312,0.00,7475.00,3243.00,5322.00,153.38,0.140,-146.00,47.00,195,162.16,35.34792667,-117.82230167,11,6,22,48,51.00,343876,5245,-62
56.00,-2.625000,0.00,7475.00,3215.00,5294.00,139.52,0.127,-131.00,48.00,175,159.88,35.34790167,-117.82230333,11,6,22,48,51.20,343896,5228,-64
56.20,-4.050781,0.00,7475.00,3189.00,5268.00,141.32,0.129,-126.00,64.00,163,153.07,35.34787167,-117.82229667,11,6,22,48,51.40,343916,5210,-64
56.40,-4.585938,0.00,7475.00,3165.00,5244.00,138.76,0.127,-118.00,73.00,157,148.26,35.34783667,-117.82228000,11,6,22,48,51.60,343936,5190,-62
56.60,-5.710938,0.00,7475.00,3138.00,5217.00,152.96,0.140,-136.00,70.00,135,152.76,35.34780333,-117.82225333,11,6,22,48,51.80,343956,5167,-65
56.80,-5.414062,0.00,7475.00,3111.00,5190.00,141.40,0.129,-133.00,48.00,105,160.16,35.34778667,-117.82222000,11,6,22,48,52.00,343976,5142,-67
57.00,-7.550781,0.00,7475.00,3083.00,5162.00,144.35,0.132,-144.00,10.00,81,176.03,35.34778500,-117.82220167,11,6,22,48,52.20,343996,5120,-65
57.20,-4.109375,0.00,7475.00,3056.00,5135.00,133.96,0.122,-131.00,28.00,232,167.94,35.34778000,-117.82220500,11,6,22,48,52.40,344016,5105,-63
57.40,-4.761719,0.00,7475.00,3029.00,5108.00,147.46,0.134,-136.00,57.00,215,157.26,35.34776333,-117.82222333,11,6,22,48,52.60,344036,5092,-65
57.60,-3.039062,0.00,7475.00,3002.00,5081.00,146.25,0.133,-130.00,67.00,194,152.73,35.34773167,-117.82224000,11,6,22,48,52.80,344056,5080,-65
57.80,-3.101562,0.00,7475.00,2975.00,5054.00,152.82,0.139,-132.00,77.00,175,149.74,35.34769333,-117.82224167,11,6,22,48,53.00,344076,5063,-67
58.00,-2.328125,0.00,7475.00,2948.00,5027.00,145.36,0.133,-131.00,63.00,160,154.32,35.34765500,-117.82223167,11,6,22,48,53.20,344096,5044,-64
58.20,-4.703125,0.00,7475.00,2921.00,5000.00,148.07,0.135,-134.00,63.00,143,154.82,35.34762500,-117.82221167,11,6,22,48,53.40,344116,5023,-71
58.40,-3.812500,0.00,7475.00,2893.00,4972.00,150.62,0.137,-146.00,37.00,123,165.78,35.34760667,-117.82218833,11,6,22,48,53.60,344136,5001,-71
58.60,-4.109375,0.00,7475.00,2865.00,4944.00,139.44,0.127,-138.00,20.00,169,171.75,35.34759500,-117.82217667,11,6,22,48,53.80,344156,4981,-68
58.80,-4.406250,0.00,7475.00,2837.00,4916.00,137.87,0.126,-135.00,28.00,218,168.28,35.34758333,-117.82218167,11,6,22,48,54.00,344176,4966,-66
59.00,-6.484375,0.00,7475.00,2809.00,4888.00,149.12,0.136,-139.00,54.00,221,158.77,35.34756667,-117.82219833,11,6,22,48,54.20,344196,4954,-69
59.20,-6.484375,0.00,7475.00,2781.00,4860.00,158.42,0.144,-139.00,76.00,199,151.33,35.34753667,-117.82221833,11,6,22,48,54.40,344216,4943,-67
59.40,-7.253906,0.00,7475.00,2752.00,4831.00,164.75,0.150,-138.00,90.00,173,146.89,35.34749167,-117.82222333,11,6,22,48,54.60,344236,4927,-64
59.60,-5.472656,0.00,7475.00,2724.00,4803.00,163.11,0.149,-141.00,82.00,149,149.82,35.34744667,-117.82220500,11,6,22,48,54.80,344256,4906,-64
59.80,-4.523438,0.00,7475.00,2696.00,4775.00,150.05,0.137,-140.00,54.00,135,158.91,35.34741667,-117.82217667,11,6,22,48,55.00,344276,4883,-71
60.00,-5.890625,0.00,7475.00,2666.00,4745.00,154.15,0.140,-151.00,31.00,115,168.40,35.34740333,-117.82215500,11,6,22,48,55.20,344296,4861,-72
60.20,-5.949219,0.00,7475.00,2637.00,4716.00,148.34,0.135,-148.00,10.00,214,176.13,35.34739833,-117.82214667,11,6,22,48,55.40,344316,4843,-63
60.40,-5.832031,0.00,7475.00,2608.00,4687.00,150.22,0.137,-143.00,46.00,240,162.17,35.34739000,-117.82216167,11,6,22,48,55.60,344336,4831,-63
60.60,-4.406250,0.00,7475.00,2579.00,4658.00,154.03,0.140,-141.00,62.00,204,156.26,35.34736667,-117.82218333,11,6,22,48,55.80,344356,4820,-64
60.80,-6.425781,0.00,7475.00,2552.00,4631.00,151.17,0.138,-127.00,82.00,178,147.15,35.34732833,-117.82219000,11,6,22,48,56.00,344376,4807,-63
61.00,-6.601562,0.00,7475.00,2524.00,4603.00,166.58,0.152,-145.00,82.00,149,150.51,35.34728667,-117.82217500,11,6,22,48,56.20,344396,4788,-65
61.20,-5.058594,0.00,7475.00,2495.00,4574.00,156.17,0.142,-142.00,65.00,120,155.40,35.34726000,-117.82214167,11,6,22,48,56.40,344416,4764,-72
61.40,-5.890625,0.00,7475.00,2468.00,4547.00,145.21,0.132,-139.00,42.00,144,163.19,35.34724167,-117.82211500,11,6,22,48,56.60,344436,4743,-70
61.60,-2.804688,0.00,7475.00,2438.00,4517.00,143.68,0.131,-138.00,40.00,167,163.84,35.34722167,-117.82210333,10,6,22,48,56.80,344456,4724,-65
61.80,-5.179688,0.00,7475.00,2411.00,4490.00,139.49,0.127,-136.00,31.00,194,167.16,35.34720333,-117.82210333,11,6,22,48,57.00,344476,4710,-63
62.00,-4.644531,0.00,7475.00,2383.00,4462.00,151.54,0.138,-140.00,58.00,197,157.50,35.34718000,-117.82211167,11,6,22,48,57.20,344496,4697,-65
62.20,-5.000000,0.00,7475.00,2352.00,4431.00,158.32,0.144,-141.00,72.00,180,152.95,35.34714500,-117.82211667,11,6,22,48,57.40,344516,4683,-65
62.40,-6.839844,0.00,7475.00,2323.00,4402.00,170.58,0.155,-143.00,93.00,173,146.96,35.34710000,-117.82211333,11,6,22,48,57.60,344536,4667,-65
62.60,-6.425781,0.00,7475.00,2296.00,4375.00,165.21,0.150,-133.00,98.00,179,143.62,35.34704833,-117.82210833,11,6,22,48,57.80,344556,4652,-65
62.80,-7.195312,0.00,7475.00,2270.00,4349.00,151.48,0.138,-128.00,81.00,178,147.67,35.34700167,-117.82210500,11,6,22,48,58.00,344576,4638,-71
63.01,-6.781250,0.00,7475.00,2246.00,4325.00,124.33,0.113,-111.00,56.00,145,153.23,35.34696833,-117.82209167,11,6,22,48,58.20,344597,4623,-67
63.20,-7.433594,0.00,7475.00,2222.00,4301.00,128.58,0.117,-124.00,34.00,178,164.67,35.34695000,-117.82208000,11,6,22,48,58.40,344616,4608,-65
63.40,-7.316406,0.00,7475.00,2195.00,4274.00,141.65,0.129,-137.00,36.00,251,165.28,35.34694000,-117.82209167,11,6,22,48,58.60,344636,4598,-72
63.60,-6.542969,0.00,7475.00,2166.00,4245.00,151.40,0.138,-139.00,60.00,165,156.65,35.34692167,-117.82209667,11,6,22,48,58.80,344656,4586,-64
63.80,-8.207031,0.00,7475.00,2137.00,4216.00,155.93,0.142,-132.00,83.00,135,147.84,35.34689167,-117.82207000,11,6,22,48,59.00,344676,4565,-66
64.00,-9.628906,0.00,7475.00,2102.00,4181.00,209.68,0.191,-174.00,117.00,114,146.08,35.34686500,-117.82201333,11,6,22,48,59.20,344696,4534,-77
64.20,-7.195312,0.00,7475.00,2066.00,4145.00,216.49,0.197,-158.00,148.00,105,136.87,35.34684500,-117.82192833,11,6,22,48,59.40,344716,4495,-68
64.40,-5.890625,0.00,7475.00,2033.00,4112.00,202.25,0.184,-159.00,125.00,106,141.83,35.34682833,-117.82184167,11,6,22,48,59.60,344736,4456,-72
64.60,-2.148438,0.00,7475.00,1997.00,4076.00,184.72,0.168,-174.00,62.00,110,160.39,35.34681667,-117.82178667,11,6,22,48,59.80,344756,4426,-67
64.80,-7.136719,0.00,7475.00,1965.00,4044.00,165.13,0.150,-158.00,48.00,194,163.10,35.34680167,-117.82177500,10,6,22,49,0.00,344776,4408,-71
65.01,-9.097656,0.00,7475.00,1933.00,4012.00,170.58,0.155,-156.00,69.00,174,156.14,35.34677167,-117.82177667,10,6,22,49,0.20,344797,4394,-65
65.20,-8.324219,0.00,7475.00,1905.00,3984.00,164.30,0.149,-140.00,86.00,160,148.44,35.34673333,-117.82176333,11,6,22,49,0.40,344816,4379,-68
65.40,-5.832031,0.00,7475.00,1878.00,3957.00,157.44,0.143,-135.00,81.00,134,149.04,35.34670000,-117.82173833,11,6,22,49,0.60,344836,4360,-70
65.60,-6.542969,0.00,7475.00,1850.00,3929.00,163.25,0.148,-145.00,75.00,126,152.65,35.34667500,-117.82169833,11,6,22,49,0.80,344856,4335,-65
65.80,-5.296875,0.00,7475.00,1826.00,3905.00,132.61,0.120,-124.00,47.00,133,159.24,35.34666000,-117.82167000,11,6,22,49,1.00,344876,4318,-73
66.00,-1.496094,0.00,7475.00,1806.00,3885.00,113.32,0.103,-109.00,31.00,133,164.12,35.34665333,-117.82165500,11,6,22,49,1.20,344896,4305,-66
66.20,-5.652344,0.00,7475.00,1786.00,3865.00,109.20,0.099,-105.00,30.00,165,164.05,35.34664833,-117.82165167,11,6,22,49,1.40,344916,4296,-68
66.40,-5.472656,0.00,7475.00,1751.00,3830.00,159.06,0.144,-151.00,50.00,177,161.68,35.34663333,-117.82165667,11,6,22,49,1.60,344936,4283,-77
66.60,-4.226562,0.00,7475.00,1719.00,3798.00,170.14,0.154,-145.00,89.00,154,148.46,35.34660333,-117.82164500,11,6,22,49,1.80,344956,4267,-80
66.80,-4.523438,0.00,7475.00,1684.00,3763.00,189.17,0.172,-163.00,96.00,142,149.50,35.34657000,-117.82161667,11,6,22,49,2.00,344976,4245,-67
67.00,-6.425781,0.00,7475.00,1653.00,3732.00,189.62,0.172,-150.00,116.00,133,142.28,35.34654000,-117.82157667,11,6,22,49,2.20,344996,4223,-65
67.19,-4.941406,0.00,7475.00,-2079.00,0.00,189.62,0.170,-150.00,116.00,133,142.28,35.34649667,-117.82152000,0,1,22,49,2.40,345015,4223,-71
67.39,-5.296875,0.00,7475.00,-2079.00,0.00,189.62,0.170,-150.00,116.00,133,142.28,35.34645333,-117.82146333,0,1,22,49,2.60,345035,4223,-74
67.60,-8.800781,0.00,7475.00,1569.00,3648.00,129.55,0.118,-128.00,20.00,133,171.12,35.34652833,-117.82147167,11,6,22,49,2.80,345056,4161,-66
67.80,-4.585938,0.00,7475.00,1545.00,3624.00,116.66,0.106,-113.00,29.00,149,165.61,35.34656333,-117.82146833,11,6,22,49,3.00,345076,4151,-67
68.00,-4.406250,0.00,7475.00,1522.00,3601.00,110.39,0.100,-92.00,61.00,119,146.45,35.34657167,-117.82144833,11,6,22,49,3.20,345096,4137,-79
68.20,-4.347656,0.00,7475.00,1492.00,3571.00,130.86,0.119,-129.00,22.00,119,170.32,35.34657667,-117.82143500,11,6,22,49,3.40,345116,4122,-66
68.39,-6.128906,0.00,7475.00,-2079.00,0.00,130.86,0.117,-129.00,22.00,119,170.32,35.34656667,-117.82142500,0,1,22,49,3.60,345135,4122,-76
68.59,-5.238281,0.00,7475.00,-2079.00,0.00,130.86,0.117,-129.00,22.00,119,170.32,35.34655667,-117.82141667,0,1,22,49,3.80,345155,4122,-76
68.79,-0.429688,0.00,7475.00,-2079.00,0.00,130.86,0.117,-129.00,22.00,119,170.32,35.34654667,-117.82140667,0,1,22,49,4.00,345175,4122,-68
68.99,-3.457031,0.00,7475.00,-2079.00,0.00,130.86,0.117,-129.00,22.00,119,170.32,35.34653667,-117.82139833,0,1,22,49,4.20,345195,4122,-91
69.19,-11.531250,0.00,7475.00,-2079.00,0.00,130.86,0.117,-129.00,22.00,119,170.32,35.34652667,-117.82138833,0,1,22,49,4.40,345215,4122,-73
69.39,-7.136719,0.00,7475.00,1371.00,3450.00,124.78,0.113,-55.00,112.00,85,116.15,35.34671333,-117.82125500,11,6,22,49,4.60,345235,4027,-78
69.60,-6.128906,0.00,7475.00,1364.00,3443.00,122.53,0.111,-33.00,118.00,123,105.62,35.34671833,-117.82119667,11,6,22,49,4.80,345256,4008,-66
69.80,-5.593750,0.00,7475.00,1375.00,3454.00,204.41,0.185,13.00,204.00,113,86.35,35.34671333,-117.82111667,11,6,22,49,5.00,345276,3990,-67
70.00,-2.804688,0.00,7475.00,1385.00,3464.00,253.29,0.230,34.00,251.00,109,82.29,35.34670667,-117.82101000,11,6,22,49,5.20,345296,3964,-77
70.19,-1.675781,0.00,7475.00,-2079.00,0.00,253.29,0.227,34.00,251.00,109,82.29,35.34666167,-117.82085000,0,1,22,49,5.40,345315,3964,-71
70.40,-0.605469,0.00,7475.00,1406.00,3485.00,337.67,0.306,88.00,326.00,117,74.89,35.34660667,-117.82064333,10,6,22,49,5.60,345336,3870,-70
70.59,-1.320312,0.00,7475.00,1427.00,3506.00,325.00,0.295,125.00,300.00,119,67.38,35.34654833,-117.82045833,9,6,22,49,5.80,345355,3828,-82
70.79,-5.179688,0.00,7475.00,1463.00,3542.00,270.38,0.245,98.00,252.00,115,68.75,35.34653833,-117.82032833,9,6,22,49,6.00,345375,3806,-86
70.99,-6.246094,0.00,7475.00,1483.00,3562.00,236.62,0.215,92.00,218.00,115,67.12,35.34654000,-117.82020000,10,6,22,49,6.20,345395,3779,-68
71.19,-6.660156,0.00,7475.00,1490.00,3569.00,160.96,0.146,50.00,153.00,119,71.90,35.34654667,-117.82011333,10,6,22,49,6.40,345415,3758,-96
71.40,-4.882812,0.00,7475.00,1470.00,3549.00,183.00,0.166,-33.00,180.00,129,100.39,35.34652833,-117.82004333,11,6,22,49,6.60,345436,3731,-73
71.60,-3.753906,0.00,7475.00,1445.00,3524.00,212.46,0.193,-82.00,196.00,123,112.70,35.34648000,-117.81996500,11,6,22,49,6.80,345456,3701,-67
71.80,-2.980469,0.00,7475.00,1420.00,3499.00,247.39,0.224,-96.00,228.00,120,112.83,35.34643333,-117.81985833,10,6,22,49,7.00,345476,3662,-72
72.00,-4.167969,0.00,7475.00,1382.00,3461.00,191.95,0.174,-109.00,158.00,117,124.60,35.34641333,-117.81980000,9,6,22,49,7.20,345496,3632,-80
72.19,-4.464844,0.00,7475.00,1347.00,3426.00,236.54,0.214,-76.00,224.00,126,108.74,35.34636167,-117.81972000,10,6,22,49,7.40,345515,3598,-72
72.40,-3.039062,0.00,7475.00,1340.00,3419.00,117.00,0.106,-45.00,108.00,113,112.62,35.34634333,-117.81964167,8,6,22,49,7.60,345536,3574,-76
72.60,-3.812500,0.00,7475.00,1314.00,3393.00,96.43,0.087,-63.00,73.00,103,130.79,35.34636167,-117.81963833,9,6,22,49,7.80,345556,3563,-67
72.80,-3.515625,0.00,7475.00,1283.00,3362.00,84.96,0.077,-57.00,63.00,93,132.14,35.34639167,-117.81965000,9,6,22,49,8.00,345576,3554,-71
73.00,-0.308594,0.00,7475.00,1253.00,3332.00,78.87,0.071,-61.00,50.00,85,140.66,35.34643167,-117.81967833,10,6,22,49,8.20,345596,3550,-69
73.20,-4.882812,0.00,7475.00,1191.00,3270.00,77.70,0.070,-66.00,41.00,71,148.15,35.34649833,-117.81981833,10,6,22,49,8.40,345616,3566,-70
73.40,-2.148438,0.00,7475.00,1162.00,3241.00,75.77,0.069,-70.00,29.00,93,157.50,35.34653667,-117.81986333,10,6,22,49,8.60,345636,3569,-68
73.60,-2.089844,0.00,7475.00,1113.00,3192.00,73.36,0.066,-65.00,34.00,102,152.39,35.34658833,-117.81999667,10,6,22,49,8.80,345656,3590,-66
73.80,-2.507812,0.00,7475.00,1069.00,3148.00,75.29,0.068,-65.00,38.00,104,149.69,35.34664333,-117.82011500,11,6,22,49,9.00,345676,3609,-75
74.00,-2.210938,0.00,7475.00,1030.00,3109.00,71.84,0.065,-56.00,45.00,107,141.22,35.34670500,-117.82023667,11,6,22,49,9.20,345696,3631,-83
74.20,-2.269531,0.00,7475.00,996.00,3075.00,74.52,0.067,-57.00,48.00,101,139.90,35.34677833,-117.82035333,11,6,22,49,9.40,345716,3654,-72
74.40,-2.210938,0.00,7475.00,958.00,3037.00,74.41,0.067,-56.00,49.00,99,138.81,35.34685000,-117.82045667,11,6,22,49,9.60,345736,3673,-69
74.60,-2.269531,0.00,7475.00,932.00,3011.00,72.14,0.065,-52.00,50.00,98,136.12,35.34689333,-117.82051000,11,6,22,49,9.80,345756,3682,-70
74.80,-2.031250,0.00,7475.00,909.00,2988.00,70.04,0.063,-51.00,48.00,94,136.74,35.34693833,-117.82054500,11,6,22,49,10.00,345776,3686,-73
75.20,-2.148438,0.00,7475.00,874.00,2953.00,65.95,0.060,-50.00,43.00,89,139.30,35.34698333,-117.82054333,11,6,22,49,10.40,345816,3677,-71
75.40,-2.386719,0.00,7475.00,857.00,2936.00,64.20,0.058,-51.00,39.00,87,142.59,35.34700167,-117.82053833,11,6,22,49,10.60,345836,3671,-65
75.60,-2.210938,0.00,7475.00,836.00,2915.00,60.61,0.055,-48.00,37.00,88,142.37,35.34702333,-117.82054833,11,6,22,49,10.80,345856,3669,-70
75.80,-2.031250,0.00,7475.00,818.00,2897.00,59.08,0.053,-49.00,33.00,94,146.04,35.34704333,-117.82056000,11,6,22,49,11.00,345876,3669,-66
76.00,-2.210938,0.00,7475.00,796.00,2875.00,59.08,0.053,-49.00,33.00,100,146.04,35.34706167,-117.82057500,11,6,22,49,11.20,345896,3668,-67
76.20,-2.089844,0.00,7475.00,781.00,2860.00,61.29,0.055,-51.00,34.00,105,146.31,35.34707000,-117.82057167,11,6,22,49,11.40,345916,3664,-67
76.39,-2.089844,0.00,7475.00,762.00,2841.00,61.40,0.056,-49.00,37.00,108,142.94,35.34707500,-117.82057500,11,6,22,49,11.60,345935,3661,-71
76.60,-2.031250,0.00,7475.00,743.00,2822.00,63.25,0.057,-49.00,40.00,111,140.77,35.34708167,-117.82057667,11,6,22,49,11.80,345956,3658,-78
76.80,-2.386719,0.00,7475.00,726.00,2805.00,65.95,0.060,-50.00,43.00,110,139.30,35.34708333,-117.82056833,11,6,22,49,12.00,345976,3652,-75
77.00,-2.031250,0.00,7475.00,712.00,2791.00,65.80,0.060,-48.00,45.00,107,136.85,35.34708167,-117.82055333,10,6,22,49,12.20,345996,3644,-76
77.19,-2.386719,0.00,7475.00,699.00,2778.00,65.76,0.059,-47.00,46.00,104,135.62,35.34707833,-117.82053500,10,6,22,49,12.40,346015,3636,-70
77.40,-2.269531,0.00,7475.00,687.00,2766.00,67.18,0.061,-47.00,48.00,100,134.40,35.34707833,-117.82051000,10,6,22,49,12.60,346036,3627,-69
77.60,-2.210938,0.00,7475.00,677.00,2756.00,65.07,0.059,-45.00,47.00,95,133.75,35.34707833,-117.82048333,11,6,22,49,12.80,346056,3617,-69
77.80,-2.210938,0.00,7475.00,665.00,2744.00,63.66,0.058,-46.00,44.00,91,136.27,35.34708167,-117.82045667,11,6,22,49,13.00,346076,3607,-74
78.00,-1.972656,0.00,7475.00,655.00,2734.00,62.97,0.057,-46.00,43.00,88,136.93,35.34708500,-117.82043333,11,6,22,49,13.20,346096,3598,-75
78.20,-2.089844,0.00,7475.00,645.00,2724.00,60.21,0.054,-45.00,40.00,87,138.37,35.34708500,-117.82040667,11,6,22,49,13.40,346116,3589,-76
78.40,-2.089844,0.00,7475.00,635.00,2714.00,59.67,0.054,-46.00,38.00,86,140.44,35.34708833,-117.82038333,11,6,22,49,13.60,346136,3580,-77
78.60,-2.148438,0.00,7475.00,625.00,2704.00,57.80,0.052,-46.00,35.00,85,142.73,35.34709000,-117.82036167,11,6,22,49,13.80,346156,3572,-71
78.80,-2.089844,0.00,7475.00,616.00,2695.00,55.22,0.050,-45.00,32.00,85,144.58,35.34709333,-117.82034167,11,6,22,49,14.00,346176,3565,-66
79.00,-2.148438,0.00,7475.00,606.00,2685.00,54.08,0.049,-45.00,30.00,90,146.31,35.34709500,-117.82032333,11,6,22,49,14.20,346196,3557,-71
79.20,-2.210938,0.00,7475.00,595.00,2674.00,53.54,0.048,-45.00,29.00,95,147.20,35.34709667,-117.82030833,11,6,22,49,14.40,346216,3551,-64
79.40,-2.089844,0.00,7475.00,585.00,2664.00,51.31,0.046,-43.00,28.00,101,146.93,35.34709667,-117.82029333,11,6,22,49,14.60,346236,3545,-72
79.60,-1.734375,0.00,7475.00,574.00,2653.00,54.38,0.049,-46.00,29.00,106,147.77,35.34709500,-117.82027833,11,6,22,49,14.80,346256,3539,-64
79.80,-1.734375,0.00,7475.00,563.00,2642.00,56.04,0.051,-46.00,32.00,112,145.18,35.34709167,-117.82026500,11,6,22,49,15.00,346276,3533,-71
80.00,-2.031250,0.00,7475.00,553.00,2632.00,57.80,0.052,-46.00,35.00,112,142.73,35.34708500,-117.82024833,11,6,22,49,15.20,346296,3527,-70
80.20,-2.031250,0.00,7475.00,542.00,2621.00,59.03,0.053,-46.00,37.00,113,141.19,35.34708000,-117.82023000,11,6,22,49,15.40,346316,3519,-70
80.40,-2.210938,0.00,7475.00,532.00,2611.00,60.31,0.055,-46.00,39.00,113,139.71,35.34707167,-117.82021000,11,6,22,49,15.60,346336,3512,-73
80.60,-2.089844,0.00,7475.00,522.00,2601.00,61.62,0.056,-46.00,41.00,113,138.29,35.34706500,-117.82018833,11,6,22,49,15.80,346356,3504,-75
80.80,-2.148438,0.00,7475.00,512.00,2591.00,62.23,0.056,-44.00,44.00,112,135.00,35.34705833,-117.82016500,11,6,22,49,16.00,346376,3495,-75
81.00,-2.269531,0.00,7475.00,502.00,2581.00,64.35,0.058,-45.00,46.00,110,134.37,35.34705000,-117.82013833,11,6,22,49,16.20,346396,3485,-77
81.20,-2.269531,0.00,7475.00,492.00,2571.00,64.38,0.058,-44.00,47.00,108,133.11,35.34704333,-117.82011000,11,6,22,49,16.40,346416,3476,-75
81.40,-2.089844,0.00,7475.00,484.00,2563.00,65.19,0.059,-43.00,49.00,106,131.27,35.34703667,-117.82008000,11,6,22,49,16.60,346436,3466,-82
81.60,-2.210938,0.00,7475.00,475.00,2554.00,65.95,0.060,-43.00,50.00,104,130.70,35.34703167,-117.82004833,11,6,22,49,16.80,346456,3455,-83
81.80,-2.148438,0.00,7475.00,467.00,2546.00,66.07,0.060,-42.00,51.00,102,129.47,35.34702500,-117.82001500,11,6,22,49,17.00,346476,3444,-73
82.00,-2.148438,0.00,7475.00,458.00,2537.00,66.84,0.060,-42.00,52.00,103,128.93,35.34702000,-117.81998333,11,6,22,49,17.20,346496,3433,-70
82.20,-2.031250,0.00,7475.00,450.00,2529.00,66.22,0.060,-41.00,52.00,104,128.25,35.34701333,-117.81995000,11,6,22,49,17.40,346516,3423,-75
82.40,-1.972656,0.00,7475.00,441.00,2520.00,66.22,0.060,-41.00,52.00,105,128.25,35.34700833,-117.81991833,11,6,22,49,17.60,346536,3412,-71
82.60,-2.031250,0.00,7475.00,433.00,2512.00,65.44,0.059,-41.00,51.00,106,128.80,35.34700000,-117.81988667,11,6,22,49,17.80,346556,3402,-76
82.80,-2.089844,0.00,7475.00,424.00,2503.00,64.66,0.058,-41.00,50.00,108,129.35,35.34699333,-117.81985500,11,6,22,49,18.00,346576,3391,-71
83.00,-2.031250,0.00,7475.00,416.00,2495.00,63.89,0.058,-41.00,49.00,109,129.92,35.34698500,-117.81982500,11,6,22,49,18.20,346596,3381,-74
83.20,-2.089844,0.00,7475.00,408.00,2487.00,64.54,0.058,-42.00,49.00,109,130.60,35.34697500,-117.81979500,11,6,22,49,18.40,346616,3371,-70
83.40,-2.210938,0.00,7475.00,399.00,2478.00,63.89,0.058,-41.00,49.00,111,129.92,35.34696667,-117.81976500,11,6,22,49,18.60,346636,3361,-72
83.60,-2.089844,0.00,7475.00,391.00,2470.00,61.72,0.056,-40.00,47.00,112,130.40,35.34695667,-117.81973500,11,6,22,49,18.80,346656,3351,-70
83.80,-2.089844,0.00,7475.00,382.00,2461.00,60.96,0.055,-40.00,46.00,113,131.01,35.34694833,-117.81970667,11,6,22,49,19.00,346676,3342,-70
84.00,-2.148438,0.00,7475.00,374.00,2453.00,59.46,0.054,-40.00,44.00,114,132.27,35.34693833,-117.81968000,11,6,22,49,19.20,346696,3333,-68
84.20,-2.031250,0.00,7475.00,366.00,2445.00,58.73,0.053,-40.00,43.00,116,132.93,35.34693000,-117.81965667,11,6,22,49,19.40,346716,3325,-70
84.40,-2.089844,0.00,7475.00,357.00,2436.00,58.00,0.052,-40.00,42.00,117,133.60,35.34692000,-117.81963333,11,6,22,49,19.60,346736,3317,-69
84.59,-2.031250,0.00,7475.00,348.00,2427.00,55.87,0.050,-39.00,40.00,117,134.27,35.34691000,-117.81961000,11,6,22,49,19.80,346755,3310,-74
84.80,-2.089844,0.00,7475.00,340.00,2419.00,55.87,0.050,-40.00,39.00,117,135.73,35.34690167,-117.81958833,11,6,22,49,20.00,346776,3302,-74
85.00,-1.914062,0.00,7475.00,332.00,2411.00,53.76,0.049,-39.00,37.00,117,136.51,35.34689167,-117.81956667,11,6,22,49,20.20,346796,3295,-72
85.20,-2.031250,0.00,7475.00,325.00,2404.00,53.81,0.049,-40.00,36.00,117,138.01,35.34688333,-117.81954500,11,6,22,49,20.40,346816,3288,-69
85.40,-2.089844,0.00,7475.00,317.00,2396.00,51.74,0.047,-39.00,34.00,114,138.92,35.34687500,-117.81952500,11,6,22,49,20.60,346836,3281,-67
85.60,-2.089844,0.00,7475.00,309.00,2388.00,51.86,0.047,-40.00,33.00,113,140.48,35.34686833,-117.81950500,11,6,22,49,20.80,346856,3274,-69
85.80,-2.210938,0.00,7475.00,301.00,2380.00,51.09,0.046,-39.00,33.00,113,139.76,35.34686167,-117.81948500,11,6,22,49,21.00,346876,3268,-68
85.99,-2.089844,0.00,7475.00,293.00,2372.00,49.68,0.045,-38.00,32.00,113,139.90,35.34685500,-117.81946500,11,6,22,49,21.20,346895,3261,-65
86.20,-2.031250,0.00,7475.00,285.00,2364.00,49.82,0.045,-39.00,31.00,113,141.52,35.34684833,-117.81944667,11,6,22,49,21.40,346916,3255,-65
86.40,-1.972656,0.00,7475.00,278.00,2357.00,49.20,0.044,-39.00,30.00,113,142.43,35.34684167,-117.81942667,11,6,22,49,21.60,346936,3248,-72
86.60,-1.914062,0.00,7475.00,270.00,2349.00,48.60,0.044,-39.00,29.00,111,143.37,35.34683500,-117.81940833,11,6,22,49,21.80,346956,3242,-66
86.80,-2.148438,0.00,7475.00,262.00,2341.00,50.00,0.045,-40.00,30.00,112,143.13,35.34683000,-117.81939167,11,6,22,49,22.00,346976,3237,-71
87.00,-2.148438,0.00,7475.00,254.00,2333.00,50.00,0.045,-40.00,30.00,112,143.13,35.34682333,-117.81937500,11,6,22,49,22.20,346996,3231,-65
87.20,-2.210938,0.00,7475.00,246.00,2325.00,50.61,0.046,-40.00,31.00,112,142.22,35.34681667,-117.81935667,11,6,22,49,22.40,347016,3225,-65
87.39,-1.972656,0.00,7475.00,238.00,2317.00,50.45,0.046,-39.00,32.00,113,140.63,35.34681000,-117.81933833,11,6,22,49,22.60,347035,3219,-64
87.60,-1.914062,0.00,7475.00,230.00,2309.00,51.22,0.046,-40.00,32.00,114,141.34,35.34680333,-117.81931833,11,6,22,49,22.80,347056,3213,-65
87.80,-1.972656,0.00,7475.00,223.00,2302.00,50.45,0.046,-39.00,32.00,112,140.63,35.34679667,-117.81930000,11,6,22,49,23.00,347076,3207,-59
88.00,-2.031250,0.00,7475.00,214.00,2293.00,51.22,0.046,-40.00,32.00,112,141.34,35.34679167,-117.81928167,11,6,22,49,23.20,347096,3200,-60
88.20,-2.031250,0.00,7475.00,206.00,2285.00,51.86,0.047,-40.00,33.00,110,140.48,35.34678500,-117.81926167,11,6,22,49,23.40,347116,3193,-61
88.40,-1.914062,0.00,7475.00,198.00,2277.00,51.40,0.046,-41.00,31.00,107,142.91,35.34678000,-117.81924167,11,6,22,49,23.60,347136,3187,-59
88.60,-1.792969,0.00,7475.00,189.00,2268.00,50.80,0.046,-41.00,30.00,103,143.81,35.34677500,-117.81922333,11,6,22,49,23.80,347156,3181,-58
88.80,-1.851562,0.00,7475.00,181.00,2260.00,51.04,0.046,-42.00,29.00,97,145.38,35.34677333,-117.81920500,11,6,22,49,24.00,347176,3174,-58
89.00,-2.031250,0.00,7475.00,172.00,2251.00,53.54,0.048,-45.00,29.00,91,147.20,35.34677333,-117.81918500,11,6,22,49,24.20,347196,3168,-59
89.20,-2.031250,0.00,7475.00,163.00,2242.00,54.08,0.049,-45.00,30.00,85,146.31,35.34677333,-117.81916667,10,6,22,49,24.40,347216,3162,-60
89.40,-2.089844,0.00,7475.00,154.00,2233.00,55.47,0.050,-46.00,31.00,83,146.02,35.34677500,-117.81914667,10,6,22,49,24.60,347236,3155,-61
89.60,-2.089844,0.00,7475.00,145.00,2224.00,54.64,0.049,-45.00,31.00,79,145.44,35.34677667,-117.81912667,10,6,22,49,24.80,347256,3149,-59
89.80,-2.148438,0.00,7475.00,136.00,2215.00,56.04,0.051,-46.00,32.00,75,145.18,35.34678167,-117.81910500,10,6,22,49,25.00,347276,3142,-59
90.00,-2.089844,0.00,7475.00,127.00,2206.00,56.40,0.051,-45.00,34.00,72,142.93,35.34678667,-117.81908500,10,6,22,49,25.20,347296,3136,-61
90.19,-2.031250,0.00,7475.00,118.00,2197.00,58.26,0.053,-45.00,37.00,71,140.57,35.34679333,-117.81906167,10,6,22,49,25.40,347315,3128,-62
90.40,-2.210938,0.00,7475.00,110.00,2189.00,59.46,0.054,-44.00,40.00,70,137.73,35.34680000,-117.81903833,10,6,22,49,25.60,347336,3121,-62
90.60,-2.210938,0.00,7475.00,101.00,2180.00,60.14,0.054,-44.00,41.00,69,137.02,35.34680833,-117.81901333,10,6,22,49,25.80,347356,3113,-64
90.80,-2.148438,0.00,7475.00,93.00,2172.00,61.52,0.056,-44.00,43.00,67,135.66,35.34681833,-117.81898667,10,6,22,49,26.00,347376,3105,-68
91.00,-2.031250,0.00,7475.00,84.00,2163.00,61.52,0.056,-43.00,44.00,68,134.34,35.34682833,-117.81896000,10,6,22,49,26.20,347396,3097,-68
91.20,-1.914062,0.00,7475.00,76.00,2155.00,62.97,0.057,-43.00,46.00,69,133.07,35.34683833,-117.81893000,10,6,22,49,26.40,347416,3087,-69
91.40,-1.792969,0.00,7475.00,67.00,2146.00,64.44,0.058,-43.00,48.00,72,131.86,35.34684667,-117.81890000,10,6,22,49,26.60,347436,3078,-71
91.60,-1.972656,0.00,7475.00,58.00,2137.00,65.86,0.059,-44.00,49.00,73,131.92,35.34685500,-117.81887000,10,6,22,49,26.80,347456,3069,-70
91.80,-2.148438,0.00,7475.00,49.00,2128.00,68.01,0.061,-45.00,51.00,74,131.42,35.34686500,-117.81883667,10,6,22,49,27.00,347476,3059,-68
92.00,-2.031250,0.00,7475.00,40.00,2119.00,68.77,0.062,-45.00,52.00,76,130.87,35.34687167,-117.81880333,10,6,22,49,27.20,347496,3049,-69
92.20,-1.972656,0.00,7475.00,32.00,2111.00,68.77,0.062,-45.00,52.00,78,130.87,35.34688000,-117.81876833,10,6,22,49,27.40,347516,3038,-77
92.40,-1.914062,0.00,7475.00,24.00,2103.00,68.12,0.061,-44.00,52.00,80,130.24,35.34688500,-117.81873333,10,6,22,49,27.60,347536,3028,-71
92.60,-1.972656,0.00,7475.00,15.00,2094.00,68.77,0.062,-45.00,52.00,82,130.87,35.34689000,-117.81869833,10,6,22,49,27.80,347556,3017,-79
92.80,-2.031250,0.00,7475.00,6.00,2085.00,69.43,0.063,-46.00,52.00,84,131.50,35.34689333,-117.81866333,10,6,22,49,28.00,347576,3007,-70
93.00,-2.031250,0.00,7475.00,-3.00,2076.00,68.77,0.062,-45.00,52.00,86,130.87,35.34689667,-117.81863000,10,6,22,49,28.20,347596,2997,-74
93.20,-2.210938,0.00,7475.00,-10.00,2069.00,68.01,0.061,-45.00,51.00,87,131.42,35.34689833,-117.81859333,10,6,22,49,28.40,347616,2986,-72
93.40,-2.089844,0.00,7475.00,-19.00,2060.00,66.60,0.060,-44.00,50.00,90,131.35,35.34690000,-117.81856000,10,6,22,49,28.60,347636,2976,-76
93.60,-2.089844,0.00,7475.00,-27.00,2052.00,65.86,0.059,-44.00,49.00,93,131.92,35.34689833,-117.81852500,10,6,22,49,28.80,347656,2965,-76
93.80,-2.031250,0.00,7475.00,-36.00,2043.00,63.66,0.057,-44.00,46.00,94,133.73,35.34689833,-117.81849333,10,6,22,49,29.00,347676,2956,-78
94.00,-2.089844,0.00,7475.00,-45.00,2034.00,62.94,0.057,-45.00,44.00,97,135.64,35.34689500,-117.81846167,10,6,22,49,29.20,347696,2947,-79
94.20,-2.089844,0.00,7475.00,-53.00,2026.00,61.55,0.056,-45.00,42.00,99,136.97,35.34689167,-117.81843333,10,6,22,49,29.40,347716,2939,-81
94.40,-2.031250,0.00,7475.00,-62.00,2017.00,60.14,0.054,-44.00,41.00,99,137.02,35.34688833,-117.81840667,10,6,22,49,29.60,347736,2931,-81
94.60,-2.386719,0.00,7475.00,-71.00,2008.00,58.90,0.053,-45.00,38.00,100,139.82,35.34688333,-117.81838000,10,6,22,49,29.80,347756,2923,-105
95.00,-2.863281,0.00,7475.00,-87.00,1992.00,48.37,0.044,-24.00,42.00,12,119.74,35.34689000,-117.81834333,10,6,22,49,30.20,347796,2913,-102
95.60,-0.785156,0.00,7475.00,-104.00,1975.00,43.60,0.039,-26.00,35.00,351,126.61,35.34694667,-117.81834667,10,6,22,49,30.80,347856,2914,-109
